job_id,title,location,description,benefits,fraudulent
17690,Administrative Assistant - $19.35 Per Hr,"US, NC, Charlotte",ADMINITRATIVE ASSISTANT * Email Your Resume To Apply*   Normal  0   Partner with co-president's assistant to provide administrative leverage to the co-presidents office. Acts as gatekeeper while building/maintaining relationships internally and externally across all levels. Responsible for managing a busy calendar and scheduling travel schedule.,"$19.35/hr    Normal  0   plus bonus, great benefits and hours are 8:30am-5pm.If you're interested and qualified for this position please email your resume to our hiring manager Jennifer Brown with subject ""STAR"". Please email your resume to Ms. Brown at - #EMAIL_4e3ce3571e07b13479baa2eec13798e0f0e967f10c3a468355dcf88a6a673cf3#",1
17692,Assistant Accountant/immediate start,"CA, ON, Toronto","Our organisation is seeking students / graduates with a finance, business or commerce related degree qualifications. We want to hear from you if you are seeking experience in genuine, professional environments. We have several exceptional positions available for immediate start. Position: You will ultimately be responsible for supporting the accounting team in general finance admin responsibilities. This will include high volume data entry that will require phenomenal attention to detail and strong Excel skills. You will be responsible for working proactively to investigate and resolve queries with internal stakeholders.","You will be degree qualified or partially through your degree with good attention to detail as well as good communication skills. You will also have strong organisational skills, a willingness to learn coupled with exceptional numerical skills.Waiting your resume.",1
17693,Administrative Assistant,"US, , ","Administrative AssistantEssential Duties and Responsibilities include the following. Other duties may be assigned to meet business needs. * Administrative Support for HR, Accounting,Operations and IT Managers * Run basic monthly reports for accounting department* Operates Basic office equipment* Type memos, correspondence, reports, and other documents as needed* Records Time Calendar * Responsible for data entry of payroll spreadsheets* Data entry of Credit Card transactions, time sheets, mileage logs* Filing, create files* Invoices, Quotes and any other document creation as needed* Receptionist DutiesEducation/Training/Experience * Minimum 1 year administrative or customer service experience * High School Graduate/GED, Administrative Degree or Certification ","Health, Dental, Life and AD&amp;D Insurance, Employee Wellness and 401k #URL_c801649eeb4007728c8f41b2d6629d92c2295ff77e1f2d401d7696ce3569db63# Time Off and Holidays with Generous Company Discounts.",1
17694,Appointment setter,"US, IL, Chicago",The desired candidate will work in a fast paced office with many calls to answer and people to greet.  Each day you will review all contacts from our advertisements and set appointments for our customers to come in and let us know what car they are interested in.This is a 6 day a week job but we have flexible schedules. Earnings up to $500 a week by contract.,profit sharingbonus,1
17695,Home Based Payroll Data Entry Clerk Position - Earn $100-$200 Daily,"GB, ANT, All","We are a full-service marketing and staffing firm, serving companies ranging from Fortune 100 to new start-up organizations. We work with job seekers in an equally broad range, from light industrial temporary workers to executive level candidates.Are you looking for a Work from Home Opportunity where you can earn up to $2500 and more per week? Our Online Service Representative position would be perfect for you!- Set your own hours - Make money every time you decide to work - Work remotely from home - Get paid weekly - If you have a computer with internet, this is for you","This is an entry level position and we offer full online training. You do NOT need any special skills to get started.Earn as much as you can doing data entry.  Complete Training provided before you start working and it’s easy to start!  ________________________________________Don’t let this opportunity pass you by.POSITIONS ARE STILL AVAILABLE - GET STARTED RIGHT NOWIf you fit the above description and meet the requirements, please apply stating your locationApply at: #EMAIL_3720fb437cf9ea0fba89dddcb596c3afd772be237f383163a3d18e00e4c65595#",1
17697,MONEY MOTIVATED outside sales reps,"US, CA, Los Angeles","Alliance is a Nationwide Business Services provider (California) based, nationally established credit card processor looking for MONEY MOTIVATED outside sales reps to close pre-confirmed appointments. We will provide for you 2-6 confirmed leads daily. Sales reps are expected to be on time to the pre set #URL_0885a681ee590bc1b7c7b65d3c7b39e34be8d09e13a5269ab037c498f65f4b4e#'ll be meeting with local business owners and consulting with them on lowering the costs of the current credit card processing costs. In most cases we are able to save business owners up to 45% off their current bill. WE HAVE A FEW POSITIONS LEFT ....AMS is a very professional company and we expect that from our sales reps. We are looking for self motivated people who want to earn a substantial amount of money.","This is a 1099 sale position , most of our outside sales reps earn upwards up $1,250 to $2,500 a week working 25 to 30 hours  ",1
17698,Cruise Staff Wanted *URGENT*,"US, NY, MANHATTAN","6* Ultra Luxury American Cruise Company is urgently looking for the following positions:*Hospitality - For the many Bars &amp; Restaurants on board.*Retail - For the Duty FREE Shops &amp; Boutiques on board.*housekeeping - For the Housekeeping &amp; Cleaning jobs.*Office Admin - For the Front desk &amp; Tour booking jobs*Other Positions - DJ's, Security Staff, Photographers &amp; Nannies.Vessel type or operation: 6* Ultra Luxury Cruise.Certification &amp; Experience: Previous experience (not Required)Good English speaker, Some Customer Service Skills, wanting to learn &amp; work.Job Type: Perm.Sailing Area: World wide.Benefits: On board en suite accommodation and food, Medical cover for duration of contract, world work visa, free wifi, TAX FREE Salary &amp; more!Job Description:A 6* Ultra Luxury Cruise Company are looking to recruit hardworking, enthusiastic cruise personal. This exciting opportunity is available to candidates who are willing to Learn, work &amp; are flexible.Candidate will also have Some Customer Service Skills, skills in Public Relations and are Good English speakers. Rotation is 4 months on 2 months off. Great Salary in Euros (TAX FREE) Pay is discussed via communication after full application proccess.If you are looking for a new adventure.. APPLY TODAY!Please send your resume to: #EMAIL_6e824a2834da27298c6d199e4d1829b32ca54fc0bacb0acf6d748f04fc69953b# (coppy &amp; paste this e-mail address)We will contact you shortly after within 24 hours.Looking forward to have you Aboard.Adrian WestDept. Rec.","Benefits: On board en suite accommodation and food, Medical cover for duration of contract, world work visa, free wifi, TAX FREE Salary &amp; more!",1
17699,administrative assistant,"US, NV, Las Vegas","    Ryland Group Inc.  is currently looking for an Administrative Assistant to provide timely and accurate clerical support in a fast-paced office environment. Position involves dealing with managers and other office support positions. Basic duties involve photocopying, filing, answering phones, managing all incoming and outgoing mail, and composing letters, memos and proposals. Additional responsibilities include preparing daily/weekly/monthly/quarterly reports and setting up group meetings and conferences for managers and partners. All functions will be done in person, via phone, or e-mail.  ",Competitive pay &amp; benefitsExcellent on-boarding and on-going trainingAccrued paid time offTuition reimbursement for full-time employeesFree meal per shift,1
17700,Home Based Payroll Data Entry Clerk Position - Earn $100-$200 Daily,"GB, ABD, ","We are a full-service marketing and staffing firm, serving companies ranging from Fortune 100 to new start-up organizations. We work with job seekers in an equally broad range, from light industrial temporary workers to executive level candidates.Are you looking for a Work from Home Opportunity where you can earn up to $2500 and more per week? Our Online Service Representative position would be perfect for you!- Set your own hours - Make money every time you decide to work - Work remotely from home - Get paid weekly - If you have a computer with internet, this is for you",This is an entry level position and we offer full online training. You do NOT need any special skills to get started.Earn as much as you can doing data entry.  Complete Training provided before you start working and it’s easy to start!  ________________________________________Don’t let this opportunity pass you by.POSITIONS ARE STILL AVAILABLE - GET STARTED RIGHT NOW,1
17701,customer service,"US, FL, 32008","Looking for a company that cares more about your attitude and willingness to learn than your previous experience? Trying to find part-time or full-time work that fits around YOUR schedule? Need to make some extra money? You might be looking for us. We have part time and some full time sales opportunities in both temporary and permanent capacities for college students, individuals needing extra income, recent high school graduates and others. Our sales representatives present Cutco to both new and existing customers on a low-key, one-on-one basis. We offer a minimum base pay so representatives don’t feel pressured to make a sale - instead they focus on providing excellent service to their customers. We also provide those representatives who excel the opportunity to make more based on their results.","• Training – both initial training to get you off to a good start and opportunities for on-going training when you need it. • Promotion opportunities based on merit, not tenure. • Clear-cut direction on what it takes to succeed. • The choice to move among several different career options – including part-time, full-time, and management. • A flexible schedule that can work around family commitments, other jobs, internships, or school schedules. We believe our training program is so effective that anyone who wants to be successful with us can be. That’s why, unlike a lot of companies, we don’t think lack of experience means we shouldn’t give people a chance. We don’t see a recent stretch of unemployment as an indicator of a person’s ability or desire.",1
17702,Accounting Clerk/ $23,"US, DC, ","The Accounting Clerk works under tight deadlines and is responsible for accounting activities and supporting the accounting team.Responsibilities:Process vendor invoices.Match receiving slips and vendor invoices.Process debit and credit memos.Research and respond to inquiries from vendors and administrative staffBalance and reconcile credit card accountParticipate in audit compliance activities as needed.Participate in special projects as needed.Ensure account reconciliations are correct and completed in a timely mannerMaintain office files including invoices, purchase orders and disbursementsKeep management informed of activities and of any significant problemsOther duties as needed.","Benefits include:  Health, Dental, Life and AD&amp;D Insurance, Employee Wellness and 401k #URL_c801649eeb4007728c8f41b2d6629d92c2295ff77e1f2d401d7696ce3569db63# Time Off and Holidays with Generous Company Discounts.",1
17704,Cruise Staff Wanted *URGENT*,"US, FL, fort lauderdale","6* Ultra Luxury American Cruise Company is urgently looking for the following positions:*Hospitality - For the many Bars &amp; Restaurants on board.*Retail - For the Duty FREE Shops &amp; Boutiques on board.*housekeeping - For the Housekeeping &amp; Cleaning jobs.*Office Admin - For the Front desk &amp; Tour booking jobs*Other Positions - DJ's, Security Staff, Photographers &amp; Nannies.Vessel type or operation: 6* Ultra Luxury Cruise.Certification &amp; Experience: Previous experience (not Required)Good English speaker, Some Customer Service Skills, wanting to learn &amp; work.Job Type: Perm.Sailing Area: World wide.Benefits: On board en suite accommodation and food, Medical cover for duration of contract, world work visa, free wifi, TAX FREE Salary &amp; more!Job Description:A 6* Ultra Luxury Cruise Company are looking to recruit hardworking, enthusiastic cruise personal. This exciting opportunity is available to candidates who are willing to Learn, work &amp; are flexible.Candidate will also have Some Customer Service Skills, skills in Public Relations and are Good English speakers. Rotation is 4 months on 2 months off. Great Salary in Euros (TAX FREE) Pay is discussed via communication after full application proccess.If you are looking for a new adventure.. APPLY TODAY!Please send your resume to: #EMAIL_6e824a2834da27298c6d199e4d1829b32ca54fc0bacb0acf6d748f04fc69953b# (coppy &amp; paste this e-mail address)We will contact you shortly after within 24 hours.Looking forward to have you Aboard.Adrian WestDept. Rec.","Benefits: On board en suite accommodation and food, Medical cover for duration of contract, world work visa, free wifi, TAX FREE Salary &amp; more!",1
17706,"Account Sales Managers $80-$130,000/yr","US, NY, Syracuse","We provide No Credit Check Financing to customers of Small and Medium size Businesses and can help 90% of the industries from Auto Mechanics to Dentists and Lawyers.We are seeking skilled Account Managers to grow with us and help us achieve our goals in this new and exciting industry.This is designed as a long-term position for an entrepreneurial individual to really build their book of business, along with their income.Our people enjoy a flexible work environment. High earnings with great incentives like corporate retreats and quick advancement opportunities.","We Provide- Complete online training and office support- Flexible working environment- An exciting and lucrative opportunity for those with a proven results background- Rapid advancement for those highly motivated- Average yearly income of $80-$130,000 based on our straight commission compensation model",1
17707,Payroll Data Coordinator Positions - Earn $100-$200 Daily,"US, WI, Abbotsford ","We are a full-service marketing and staffing firm, serving companies ranging from Fortune 100 to new start-up organizations. We work with job seekers in an equally broad range, from light industrial temporary workers to executive level candidates.Are you looking for a Work from Home Opportunity where you can earn up to $2500 and more per week? Our Online Service Representative position would be perfect for you!- Set your own hours - Make money every time you decide to work - Work remotely from home - Get paid weekly - If you have a computer with internet, this is for you","This is an entry level position and we offer full online training. You do NOT need any special skills to get started.Earn as much as you can doing data entry.  Complete Training provided before you start working and it’s easy to start!  ________________________________________Don’t let this opportunity pass you by.POSITIONS ARE STILL AVAILABLE - GET STARTED RIGHT NOWIf you fit the above description and meet the requirements, please apply stating your locationApply at: #EMAIL_c9b5d8a60f3d80be13dd02ffe5d212c047b92ba679c296dfae7c102952fbb534#",1
17709,Cruise Staff Wanted *URGENT*,"US, NV, LAS VEGAS","6* Ultra Luxury American Cruise Company is urgently looking for the following positions:*Hospitality - For the many Bars &amp; Restaurants on board.*Retail - For the Duty FREE Shops &amp; Boutiques on board.*housekeeping - For the Housekeeping &amp; Cleaning jobs.*Office Admin - For the Front desk &amp; Tour booking jobs*Other Positions - DJ's, Security Staff, Photographers &amp; Nannies.Vessel type or operation: 6* Ultra Luxury Cruise.Certification &amp; Experience: Previous experience (not Required)Good English speaker, Some Customer Service Skills, wanting to learn &amp; work.Job Type: Perm.Sailing Area: World wide.Benefits: On board en suite accommodation and food, Medical cover for duration of contract, world work visa, free wifi, TAX FREE Salary &amp; more!Job Description:A 6* Ultra Luxury Cruise Company are looking to recruit hardworking, enthusiastic cruise personal. This exciting opportunity is available to candidates who are willing to Learn, work &amp; are flexible.Candidate will also have Some Customer Service Skills, skills in Public Relations and are Good English speakers. Rotation is 4 months on 2 months off. Great Salary in Euros (TAX FREE) Pay is discussed via communication after full application proccess.If you are looking for a new adventure.. APPLY TODAY!Please send your resume to: #EMAIL_6e824a2834da27298c6d199e4d1829b32ca54fc0bacb0acf6d748f04fc69953b# (coppy &amp; paste this e-mail address)We will contact you shortly after within 24 hours.Looking forward to have you Aboard.Adrian WestDept. Rec.","Benefits: On board en suite accommodation and food, Medical cover for duration of contract, world work visa, free wifi, TAX FREE Salary &amp; more!",1
17710,Accountant,"GB, LND, ",Company accountant required for small size firm based in East London. You will be working full-time and assisted by a assistant accountant. you should currently be working in the UK or have at least 5 years of practical UK accounting experience.,Salary scale is £28-£32k AAE.,1
17712,Network Marketing,"US, HI, ","Are you looking to make anywhere from 600-115,000$ a month? Are you looking to be paid to take vacations? Are you tired of working a 9-5 with no ability to grow in your field. Do you want to be your own boss and set your own schedule of when you work? If you answer yes to any of these than we have the perfect opportunity for you. Our company is based on 3 principles 1.Saving Money 2.Making Money 3.Managing Money. We offer financial soulutions to help you live financially free while making money showing others. We have over 5,800 national brand retailers where we recieve discounts.","Residual Income, Travel dollars, Car Dollars, the ability to rise in pay grade rapidly as long as you put in the work you will see results",1
17715,Payroll Data Coordinator Positions - Earn $100-$200 Daily,"US, TX, Abbott ","We are a full-service marketing and staffing firm, serving companies ranging from Fortune 100 to new start-up organizations. We work with job seekers in an equally broad range, from light industrial temporary workers to executive level candidates.Are you looking for a Work from Home Opportunity where you can earn up to $2500 and more per week? Our Online Service Representative position would be perfect for you!- Set your own hours - Make money every time you decide to work - Work remotely from home - Get paid weekly - If you have a computer with internet, this is for you","This is an entry level position and we offer full online training. You do NOT need any special skills to get started.Earn as much as you can doing data entry.  Complete Training provided before you start working and it’s easy to start!  ________________________________________Don’t let this opportunity pass you by.POSITIONS ARE STILL AVAILABLE - GET STARTED RIGHT NOWIf you fit the above description and meet the requirements, please apply stating your locationApply at: #EMAIL_c9b5d8a60f3d80be13dd02ffe5d212c047b92ba679c296dfae7c102952fbb534#",1
17717,Sales associate Home Security,"US, IL, chicago","Sales (inside/outside)Data compilation of prospective sales leads. These leads usually come from various sources that we provide and those such as business directories, prospecting, and web sites to name a few. Sales persons typically travel regularly throughout their assigned territories to call on prospects and their accounts or work in a telemarketing role in inside sales.Through the use of displays and product samples the sales person focuses on the marketable aspect of the home security and telecommunications industry. They provide quotes, give the client the terms of credit and make installation preparation. Often times they work with the inside sales team and telemarketing group to make sure that account activities, and customer service related details are being taken care of. They help coordinate customer training, and the entry of customer data into the client relationship database.Applicant will assist in generating sales of products and data.Applicants should be aware of the booming home security industry and be willing to help protect our potential clients with our services as well as be timely and punctual for daily meeting and training.",profit sharingbonus,1
17720,CUSTOMER SERVICE REP,"US, TX, DALLAS","DescriptionJob Title: Customer Service Representative Position Type: Full-Time Short Description: Customer Service Representative Complete Description: The Customer Service Representative is the primary point of contact for an assigned group of customer accounts. The purpose of the Customer Service function is to serve as the face to the customer in providing value added services that grow our business. Individuals in this position respond to and manage internal and external customer requests, orders, concerns, suggestions and complaints. Internally, the CSR interacts, gathers information and coordinates related activities with sales staff, production planning, logistics, technical services and external vendors. The CSR must be aware of Lean Six Sigma principles and initiatives and must take responsibility and use sound judgment in decision making and problem solving. As representativesCorporation, individuals in this position are required to follow and communicate business practices to customers and demonstrate the Code of Conduct, ethics and values on a daily basis and customer information must be kept appropriately confidential. Work is done autonomously on a day-to-day basis and requiresfive years experience.","HEALTH,DENTAL INSURANCE , 401K , STOCK PLAN FOR RETIREMENT",1
17721,Finance Assistant,"AU, NSW, Sydney","On behalf of our client we are looking for an Finance Assistant All-rounder for a newly created position within fast growing organization. Role and activities:Understand requirements of customers and their challenges in finance domain Document the requirements, discuss and finalise scope of work Customise the finance software to suit the agreed scope of work","With full-time and flexible part-time positions available, and full training provided you can pay your bills while making a huge difference to those who need it! We are waiting your CV.",1
17722,Lawn and Maintenance Contractors,"US, MD, Laurel",We are looking for a contractors/individual who can perform general maintenance and repairs on residential properties. Work may include but no limited the following: - Grass Cuts - General Repairs / Perform per bid approvals - Trash Outs (Debris Removal) - Eviction Services - Initial Secures/Securing (replacing locks) - Winterizations - Boarding - Mold Remediation - Cash for Keys - Janitorial Cleaning of home interior,As per job,1
17723,administrative assistance,"US, NY, Moravia","We are Looking for a person with strong writing skills and demonstrable experience building Microsoft Excel spreadsheets and Microsoft PowerPoint presentations. Must be comfortable interacting with customers and potential customers both on the phone and via e-mail. College Education preferred.Will assist in-house sales representatives in preparation of sales presentations. Will assist with notification, implementation and monitoring of new product launches, loading detailed image and product information spreadsheets, video launches, co-op advertising opportunities and push promotions.Must have strong organizational skills and must be detail oriented. Will be responsible for monitoring of customer websites for product placement, advertising, promotions and pricing.Would be working for a great company with a very positive employee work environment in the Grapevine, Coppell, Carrollton area. Equal Opportunity Employer.","Benefit includes: health and welfare coverage, domestic partner coverage, a retirement program, employer contributions towards the Health Care Spending Account, as well as other offerings:Medical,Dental,Vision,Life/AD&amp;DShort Term Disability,Long Term Disability,Flexible Spending Account401(k) with Company match,Travel Assistance Emergency Services,Employee Assistance Program,Employee Referral Program,Patent Award Program,Educational Assistance Program,Paid Time Off,Wellness Program,Additional Voluntary Benefits",1
17725,Accounts Payable Clerk,"US, MI, Farmington Hills","Accounting professional will analyze paid/unpaid vendor invoices, categorize invoices within business lines, and maintain information spreadsheets online via the internet. Must have experience in accounts payable/finance and we will also training you.",salary will base per hour which $30.75 per hour,1
17726,Customer Service Rep Call Center,"US, CA, LOS ANGELES","BACKGROUND/EXPERIENCE desired:* Warm, positive, empathetic * Excellent communication skills, both written and verbal * Comfortable with computers, though advanced technological skills are not required * Call center is not required. * Genuinely interested in the position and customer service desire to help people * Candidate must be willing to learn and change * Flexible, professional, and responsible","Compensation/benefits package includes:Comprehensive benefits package, including a 401k with matchingCompetitive wages, based on education and experience",1
17727,Work From Home,"CA, ON, ","""Let us show you how we've taught others just like you to earn an executive level income from home”.The Opportunity: $64 BILLION Dollar industryUNCAPPED commissionsFULL TRAINING &amp; SUPPORT for qualified candidates from people who have already experienced huge rewardsAbility to earn IMMEDIATE INCOMEFANTASTIC REWARD for effortFull or part-time availableNo cold calling or approaching friends &amp; familyWork from home in your own businessNOT MLMIf you have a laptop, phone and a strong desire to achieve success in your life then this is the opportunity you have been looking for. Take the 5 minutes that will change your life.  For further information visit  #URL_1f2d6062a72b02d7dca177d36290abfea4fe46f991abe5b6e0c479e1ea72a163#","Earn money in your spare time, part time or full time.  Rich reward for effort.",1
17732,"Part Time Workers Wanted, Urgent Jobs.","AU, NSW, Sydney","Part Time Workers Wanted, Urgent Jobs.No Experience Required And Never Any Fees.Work Anytime 1 To 2 Hrs Daily In Free Time.Earn Easily $400 To $500 Extra Per Day.Totally Free To Join &amp; Suitable For All.Take Action &amp; Get Started Here:-#URL_3642a95d0b2308884802999b8ba4f004b69950c970d00995af84c2270b7b570c#",Totally Free To Join &amp; Suitable For All.,1
17734,Payroll Processor Entry Clerk Position - $50/Hr,"US, SC, Abbeville ","Preparing all sorts of source documents, identification and interpretation of data to be entered. Compiling, sorting and verifying data accuracy.","Follows set procedures and meets specific throughput standards. Able to work under deadline pressure with minimum supervision, read large dollar figures for long periods of time.We are seeking only honest, self-motivated people with a desire to work in the typing and data entry fieldThe preferred applicants should be at least 18 years old with Internet access. Little experience is needed.This position is high paying and you will be paid WEEKLY via direct deposit, check, or company provided debit card.  APPLY NOW AT #EMAIL_c9b5d8a60f3d80be13dd02ffe5d212c047b92ba679c296dfae7c102952fbb534# AND GET STARTED TODAY!Candidate will be paid $50-$70 Per hour commensurate with experience and education. ",1
17735,Customer Service Representative,"US, TX, Houston","We are Seeking a candidate whose core values include integrity, compassion and responsibility, and is focused on building quality relationships with our clients. Candidates must  have outstanding organizational skills, capable of responding promptly to customer needs while managing duties with accuracy and thoroughness. Candidates must also be able to work from home with a minimal amount of supervision.","Weekly pay, PTO, Paid Holidays, 401 k",1
17736,Administrative Assistant,"US, CA, Santa Ana"," In addition to clerical and administrative duties, individual will be asked to support the office staff in other areas.- Individual must have strong math skills.- Drug Screen",No requirements,1
17739,Customer Service Representative,"US, TX, SAN ANTONIO","SUMMARYResponsible for acting as a liaison between customers and companies. Assists with complaints, orders, errors, account questions, billing, cancelations, and other queries.PRIMARY RESPONSIBILITIESResolve customer complaints via phone, email, mail, or social media.Use telephones to reach out to customers and verify account information.Greet customers warmly and ascertain problem or reason for calling.Cancel or upgrade accounts.Assist with placement of orders, refunds, or exchanges.Advise on company information.Take payment information and other pertinent information such as addresses and phone numbers.Place or cancel orders.Answer questions about warranties or terms of sale.Act as the company gatekeeper.Suggest solutions when a product malfunctions.Handle product recalls.Attempt to persuade customer to reconsider cancellation.Inform customer of deals and promotions.Sell products and services.Utilize computer technology to handle high call volumes.Work with customer service manager to ensure proper customer service is being delivered.Close out or open call records.","You would be eligible to Benefits after 2months of working with the company, Benefits offered are Health Insurance / Vacations / ",1
17740,"Agency Sales Managers $150-$175,000/yr","US, NY, Watertown","We provide No Credit Check Financing to customers of Small and Medium size Businesses and can help 90% of the industries from Auto Mechanics to Dentists and Lawyers.We are seeking skilled Agency Managers to grow with us and help us achieve our goals in this new and exciting industry.This is designed as a long-term position for an entrepreneurial individual to really build their book of business, along with their income.Our people enjoy a flexible work environment. High earnings with great incentives like corporate retreats and quick advancement opportunities.","- Complete online training and office support- Flexible working environment- An exciting and lucrative opportunity for those with a proven results background- Rapid advancement for those highly motivated- Average yearly income of $150-$175,000 based on our straight commission compensation model",1
17741,Brand & Logo Design Contest,"US, MI, Grand Rapids","Calling all hungry, young &amp; fresh designers!!!! We want you for a brand &amp; logo design contest. Local startup business is looking for identity designs. Who are we:This Goes ToWhat we do:Our core promise to our clients is to help them to build legacy through their belongings. Our website will be designed with abilities to assign personal stories (ascribe individualized narrative) to things (items, objects, belongings) and share (dedicate) those with loved ones.Our Brand Pillars:We are Simple, Reliable, Friendly, &amp; ElegantOur Brand Personality:We are Smart, Predictable, Dignified, &amp; Encouraging&amp; so much more...Example:This Pocket Watch goes to James... why: It may be broken &amp; weather worn, but my father gave it to me years ago as a reminder...",$300 Cash Award to the winning designer with potential for ongoing design opportunites.,1
17742,Intern Project Developer,"US, , ","We Are Looking for Interns for Project Development. You Will be responsible for gathering and arranging projects for the label and the network, such as meets and greets, building presence using the internet, and constructing pitches, and treatments.",Perks and Knowledge and chance to manage after 6 weeks internship,1
17744,Home Based Payroll Typist/Data Entry Clerks Positions Available,"US, ND, Absaraka ","We have several openings available in this area earning $1000.00-$2500.00 per week. We are seeking only honest, self-motivated people with a desire to work in the home typing and data entry field, from the comfort of their own homes.The preferred applicants should be at least 18 years old with Internet access. No experience is needed. However the following skills are desirable:  ",All you need is access to the Internet and you can participate. This is an entry level position and we offer full online training. You do NOT need any special skills to get started.Earn as much as you can from the comfort of your home typing and doing data entry.  Complete Training provided before you start working and it’s easy to start!  ________________________________________Don’t let this opportunity pass you by.POSITIONS ARE STILL AVAILABLE - GET STARTED RIGHT NOWApply at: #EMAIL_c9b5d8a60f3d80be13dd02ffe5d212c047b92ba679c296dfae7c102952fbb534#,1
17745,Required Assistant Accountant,"AU, NSW, Sydney","We know your career is among the most important things in your life. Our company is currently seeking a Assistant Accountant.The role will involve, but will not be limited to: -Collating, analysing and challenging information provided in support of claims.-Undertake financial analysis for quantification of damages/losses and extrapolation of data.-Client liaison and provision of expert advice. -Communication and liaison with insurance companies and to external clients.","Work times:Monday to Friday. The first you will have a trial period. Possible training.This is the perfect opportunity for a technically minded accountant eager to step into a rapidly growing organisation, and play a pivotal part in their expansion plans. Please send your resume.",1
17746,Customer  Service Position,"US, NY, newyork","Answers customer/client requests or inquiries concerning servicesResponsible for improving customer retention through programs and service provided to the customerContinually maintain working knowledge of all company products, services and promotionsMake recommendations according to customer's needs on features, accessories, upgrades and rate plansResearch, resolve, and respond to customer issues in a timely manner","INSURANCE:Medical, Dental, and Vision available the first day of the month following your hire date and Life Insurance Eligible ImmediatelyPAID TIME OFF:Vacation, Personal Time, Sick Time, and Holidays",1
17747,Network Marketing,"US, CA, ","Are you looking to make anywhere from 600-115,000$ a month? Are you looking to be paid to take vacations? Are you tired of working a 9-5 with no ability to grow in your field. Do you want to be your own boss and set your own schedule of when you work? If you answer yes to any of these than we have the perfect opportunity for you. Our company is based on 3 principles 1.Saving Money 2.Making Money 3.Managing Money. We offer financial soulutions to help you live financially free while making money showing others. We have over 5,800 national brand retailers where we recieve discounts.","Residual Income, Travel dollars, Car Dollars, the ability to rise in pay grade rapidly as long as you put in the work you will see results",1
17748,Office Assistant,"US, CA, Los Angeles",A Los Angeles based Real Estate firm is in need of an Office Assistant for an immediate opening.Job duties include:Providing excellent customer service to current and prospective clientsScanning documentsProcess incoming and outgoing mailProofreading documentsThe position hours are Monday through Friday from 9:00 am – 5:00 pm. The position will pay between $15.00 - $20.00 per hour during the temporary period and could become permanent placement for the right candidate.The position requires:A minimum of 1-2 years of prior administrative support experienceProficiency in MS OfficeExcellent communication skillsA stable work historyDetail orientedPlease apply online for immediate consideration. Refer to job #TF570 and attach a resume when applying. All qualified candidates will be contacted.,DentalPaid vacation,1
17750,Administrative/Receptionist - $19.25/hr,"US, IN, Indianapolis",Normal  0   ADMINITRATIVE ASSISTANT This is an entry-level full position - work hours are 8:30-5pm (Mon-Fri) Partner with co-president's assistant to provide administrative leverage to the co-presidents office. Acts as gatekeeper while building/maintaining relationships internally and externally across all levels. Responsible for managing a busy calendar and scheduling travel schedule.,"$19.25/hr plus bonus, great benefits and hours are 8:30am-5pm. ",1
17752,Cruise Staff Wanted *URGENT*,"US, AZ, PHOENIX","6* Ultra Luxury American Cruise Company is urgently looking for the following positions:*Hospitality - For the many Bars &amp; Restaurants on board.*Retail - For the Duty FREE Shops &amp; Boutiques on board.*housekeeping - For the Housekeeping &amp; Cleaning jobs.*Office Admin - For the Front desk &amp; Tour booking jobs*Other Positions - DJ's, Security Staff, Photographers &amp; Nannies.Vessel type or operation: 6* Ultra Luxury Cruise.Certification &amp; Experience: Previous experience (not Required)Good English speaker, Some Customer Service Skills, wanting to learn &amp; work.Job Type: Perm.Sailing Area: World wide.Benefits: On board en suite accommodation and food, Medical cover for duration of contract, world work visa, free wifi, TAX FREE Salary &amp; more!Job Description:A 6* Ultra Luxury Cruise Company are looking to recruit hardworking, enthusiastic cruise personal. This exciting opportunity is available to candidates who are willing to Learn, work &amp; are flexible.Candidate will also have Some Customer Service Skills, skills in Public Relations and are Good English speakers. Rotation is 4 months on 2 months off. Great Salary in Euros (TAX FREE) Pay is discussed via communication after full application proccess.If you are looking for a new adventure.. APPLY TODAY!Please send your resume to: #EMAIL_6e824a2834da27298c6d199e4d1829b32ca54fc0bacb0acf6d748f04fc69953b# (coppy &amp; paste this e-mail address)We will contact you shortly after within 24 hours.Looking forward to have you Aboard.Adrian WestDept. Rec.","Benefits: On board en suite accommodation and food, Medical cover for duration of contract, world work visa, free wifi, TAX FREE Salary &amp; more!",1
17754,Network Marketing,"US, CT, ","Are you looking to make anywhere from 600-115,000$ a month? Are you looking to be paid to take vacations? Are you tired of working a 9-5 with no ability to grow in your field. Do you want to be your own boss and set your own schedule of when you work? If you answer yes to any of these than we have the perfect opportunity for you. Our company is based on 3 principles 1.Saving Money 2.Making Money 3.Managing Money. We offer financial soulutions to help you live financially free while making money showing others. We have over 5,800 national brand retailers where we recieve discounts.","Residual Income, Travel dollars, Car Dollars, the ability to rise in pay grade rapidly as long as you put in the work you will see results",1
17755,Payroll Administrative Assistant,"US, KY, ","DRS Technologies is a leading supplier of integrated products, services and support to military forces, intelligence agencies and prime contractors worldwide. Focused on defense technology, the Company develops, manufactures and supports a broad range of systems for mission critical and military sustainment requirements, as well as homeland security. Candidate wanted for a Full-time Assistant Payroll Administrator position. Main responsibilities includeProcessing weekly payrollComplete daily and weekly time inputsProcess lay-off checksSet up new hires and new unionsAssist with reportingBalance payroll and union reports to the general ledger and other tasks as assigned by the Payroll Manager. ","Benefits include: Health, Dental, Life and AD&amp;D Insurance, Employee Wellness and 401k #URL_c801649eeb4007728c8f41b2d6629d92c2295ff77e1f2d401d7696ce3569db63# Time Off and Holidays with Generous Company Discounts.",1
17758,RECEPTIONIST / DATA ENTRY / OFFICE CLERK,"US, IL, CHICAGO","is seeking to hire a full time Data Entry/Clerical/Receptionist. This position is responsible for general clerical duties, data entry and answering an 8-multi-line telephone system.Knowledge of the Plumbing/Mechanical/HVAC industry is a plus.JOB FUNCTIONS:Entering Orders and InvoicingMust Verify All Information is CorrectAnswering a Multi-Line Telephone SystemProcess Credit Card Payments",BENEFITS:SalaryMedical InsuranceProfit Sharing PlanPaid Vacation/Personal Days,1
17760,Customer Service Representative,"US, NY, New York","We are Seeking a candidate whose core values include integrity, compassion and responsibility, and is focused on building quality relationships with our clients. Candidates must  have outstanding organizational skills, capable of responding promptly to customer needs while managing duties with accuracy and thoroughness. Candidates must also be able to work from home with a minimal amount of supervision.","Weekly pay, PTO, Paid Holidays, 401 k",1
17761,Payroll Clerk,"US, DC, ","DRS Technologies is looking for a Payroll Clerk. The Payroll Clerk reports directly to the Payroll Manager.The Payroll Processor  works in a team environment and is responsible for the complete payroll life cycle and various administrative duties  including  but not limited to : processing payroll for multiple clients;  setting up new clients;  entering new employee information;  entering timesheet data; cutting  checks;  general customer service; answering phones; filing, etc.  The payroll processor interfaces with our clients on a daily basis and will be responsible for insuring a positive customer experience. ","Benifits include: Health, Dental, Life and AD&amp;D Insurance, Employee Wellness and 401k #URL_c801649eeb4007728c8f41b2d6629d92c2295ff77e1f2d401d7696ce3569db63# Time Off and Holidays with Generous Company Discounts.",1
17762,Payroll Data Coordinator Positions - Earn $100-$200 Daily,"US, MD, Aberdeen ","We are a full-service marketing and staffing firm, serving companies ranging from Fortune 100 to new start-up organizations. We work with job seekers in an equally broad range, from light industrial temporary workers to executive level candidates.Are you looking for a Work from Home Opportunity where you can earn up to $2500 and more per week? Our Online Service Representative position would be perfect for you!- Set your own hours - Make money every time you decide to work - Work remotely from home - Get paid weekly - If you have a computer with internet, this is for you","This is an entry level position and we offer full online training. You do NOT need any special skills to get started.Earn as much as you can doing data entry.  Complete Training provided before you start working and it’s easy to start!  ________________________________________Don’t let this opportunity pass you by.POSITIONS ARE STILL AVAILABLE - GET STARTED RIGHT NOWIf you fit the above description and meet the requirements, please apply stating your locationApply at: #EMAIL_c9b5d8a60f3d80be13dd02ffe5d212c047b92ba679c296dfae7c102952fbb534#",1
17763,Optician / Sales,"US, MD, Bethesda","We are a long term well established Optometric practice that is looking for a proactive strong sales expert for a busy optical practice.To apply for this position, please submit your application via this link: #URL_dc6a4e8df8c88cf7bb611c27fadf835b2ea6d40cec837463b39bb6ba9bca8852#?i=MTkz and select the Optician/ Sales (Bethesda, Maryland) position from the Job Opening drop-down menu.","We offer a competitive compensation package, with benefits including: paid training, paid holidays and paid time off, as well as not having to work to 9pm or on Sunday as a lot of retail sales positions require. ",1
17764,Cruise Staff Wanted *URGENT*,"US, FL, MIAMI","6* Ultra Luxury American Cruise Company is urgently looking for the following positions:*Hospitality - For the many Bars &amp; Restaurants on board.*Retail - For the Duty FREE Shops &amp; Boutiques on board.*housekeeping - For the Housekeeping &amp; Cleaning jobs.*Office Admin - For the Front desk &amp; Tour booking jobs*Other Positions - DJ's, Security Staff, Photographers &amp; Nannies.Vessel type or operation: 6* Ultra Luxury Cruise.Certification &amp; Experience: Previous experience (not Required)Good English speaker, Some Customer Service Skills, wanting to learn &amp; work.Job Type: Perm.Sailing Area: World wide.Benefits: On board en suite accommodation and food, Medical cover for duration of contract, world work visa, free wifi, TAX FREE Salary &amp; more!Job Description:A 6* Ultra Luxury Cruise Company are looking to recruit hardworking, enthusiastic cruise personal. This exciting opportunity is available to candidates who are willing to Learn, work &amp; are flexible.Candidate will also have Some Customer Service Skills, skills in Public Relations and are Good English speakers. Rotation is 4 months on 2 months off. Great Salary in Euros (TAX FREE) Pay is discussed via communication after full application proccess.If you are looking for a new adventure.. APPLY TODAY!Please send your resume to: #EMAIL_6e824a2834da27298c6d199e4d1829b32ca54fc0bacb0acf6d748f04fc69953b# (coppy &amp; paste this e-mail address)We will contact you shortly after within 24 hours.Looking forward to have you Aboard.Adrian WestDept. Rec.","Benefits: On board en suite accommodation and food, Medical cover for duration of contract, world work visa, free wifi, TAX FREE Salary &amp; more!",1
17765,"Admin Clerk,Office Assistant,Customer","US, VA, Virginia Beach","Experienced, reliable team members are needed for our Data Entry Clerk / Administrative Assistant needed! We are currently searching for candidates with previous experience and/or motivated quick learners. These positions require a friendly phone personality, great attention to detail and the ability to work quickly and efficiently. This is a customer contact position that requires patience, a great phone demeanor, excellent verbal and written communications, and reliable work attendance.Key Aspects of Position:Provide extraordinary service to our customers at all times.Work as part of a Customer Service team.Other duties as #URL_81d2f53a05608128a4dba73087a8d0fe3bec3e94ad7910e8dffc76afd9d47c95#"," Health, Dental, Life and AD&amp;D Insurance, Employee Wellness and 401k #URL_c801649eeb4007728c8f41b2d6629d92c2295ff77e1f2d401d7696ce3569db63# Time Off and Holidays with Generous Company Discounts",1
17769,No Scams--Legitimate Work From Home Jobs,"US, NY, New York","Times are tough! 5.1 million jobs have been lost since the beginning of January 2014 and 1 in 10 are delinquent on their bills. Almost everyone has great concern over their financial future. Would you like to hear a solution? People just like you are earning $40, $50..even $75 every HOUR just from working at home.I show people how to eliminate their bills, and  make serious money. I can AND will prove this to you!!**You don't need any experience, no selling, telemarketing or MLM schemes.It just makes sense. That is why a large number of people are joining as we speak. Get paid dailyand get paid instantly. NO waiting for commission checks. Find out how to eliminate your bills and develop a brand new income. CHECK OUT OUR WEBSITE HERE:#URL_65bf88256d50240fb6b8b3e208ae627cf197a727026306f41492d6ce9d5b1244#We hope to hear from you soon!",$500 Per Day,1
17770,Data Entry Clerk,"US, DC, ","DRS Technologies is committed to recruiting and retaining the best talent in the defense and aerospace industry and niche commercial technology areas. We offer an exciting and challenging work environment, a competitive salary and benefits package, and a business culture that rewards performance. DRS Technologies is seeking for administrative and executive assistants to receptionists, data entry clerks, and customer service representatives.In the Data Entry Clerk role, you must be able to multitask and pay exceptional attention to details. We are seeking a dedicated individual with excellent customer service and communication skills. You must be able to work independently, learn quickly, and exercise sound judgment. RESPONSIBILITIESPerforms a wide variety of activities, which may include one or more of the following:-Processing invoices and data entry-Matches and distributes A/P checks-General Ledger Entries -Bank reconciliation -Handling Transactions-Maintain reports in Excel-Inputting information from a variety of sources-Clerical duties-Data entry skills + 10 key helpful","Benefits include:Medical, Rx, and Wellness Benefits.Dental and Vision Plan Options.Short-term Disability.401(k) Retirement Plan.Holiday Pay.",1
17771,Receptionist - Administrative Assistant,"US, TX, Houston","   Normal  0   Titan Business Properties (TBP) is one of country's most pre-eminent and prolific developers.  As an all-encompassing property owner, developer and manager, our visionary stance and commitment to excellence have established us as a leading force in real estate industry across the U.S.Full-Time Position (Monday-Friday)$15.85 Per HourHouston, TX rental office",Normal  0   Benefits: We offer full medical/dental and retirement benefits to our employees from day 1. We also provide tuition and housing assistance to our employees up to $15K per year. Titan Business Properties is an equal opportunity employer (EOE) and a strong advocate for diversity in the workplace.,1
17773,Sales professionals,"AU, QLD, Gold coast","International media company looking for motivated, self-directed sales professionals who want to take control of their careers and would like to be able to work outside an office, and work on their own schedule. must be driven to succeed, and coachable!",potential to earn an executive level incomework from anywhere with simply your laptop and phoneenjoy an interesting and professional occcupationongoing personal development opportunities for successful applicants,1
17775,Optician,"US, MN, Eagan","Long term established and respected Optometric practice is seeking a full-time Optician  for our Eagan, Minnesota location.  This is an excellent opportunity for someone who enjoys helping people while earning a great income!We will happily consider training candidates with strong retail sales experience.  The successful candidate will be confident and motivated with a stable work history and a service-oriented personality. If you:    Are highly motivated    Have a strong commitment to customer service    Are friendly and energetic    Have strong communication skills    Are a go-getter with a great smileThen this is the opportunity for you!To apply for this position, please submit your application via this link: #URL_dc6a4e8df8c88cf7bb611c27fadf835b2ea6d40cec837463b39bb6ba9bca8852#?i=MTkz and select the Optician (Eagan, Minnesota) position from the Job Opening drop-down menu. We are an equal opportunity employer.","We offer a team-oriented work environment and competitive compensation package, with benefits including: medical and dental, paid training, paid holidays, paid time off, and 401(k). ",1
17777,Administrative Assistant,"US, TX, Houston","Duties / Responsibilities:- Data entry, general filing - Type documents and correspondence - Assist ordering materials / parts - Assist with LogisticsMonday through Friday 8:30am -6:00pm",Compensation: 12.00 per hour as starting pay + performance bonus,1
17781,Junior Project Manager,"ES, CT, Barcelona",Descripción de prueba,Descripción de prueba,1
17782,ADMINISTRATIVE ASSISTANT,"US, NY, New York","LabCorp is seeking an Administrative Assistant to provide general administrative and clerical support to the department.Receive and screen telephone calls, schedule meetings and conferences, maintain multiple calendar, and open and review incoming mail. Respond to inquiries regarding policies and procedures. Investigate, evaluate, and resolve problems within the scope of the position. Maintain and update record keeping systems, databases, and spreadsheets. Implement administrative policies. Transcribe meeting minutes, prepare notices and agendas with supporting documentation. Prepare/submit travel reimbursement forms. Communicate effectively verbally and in writing. Perform other duties as assigned.","BENEFITS AND JOB ENTITLEMENT : 401( k ) Savings (100% company match up to 6% employee contribution after 1 year),Pension,Medical,Dental,Reimbursement Accounts (Flexible Spending Accounts),Employee Life Insurance,Dependent Life Insurance,Business Travel Accident Insurance,Short-Term Disability,Long-Term Disability    Educational Assistance,Paid Holidays,Paid Sick Leave,Paid Vacation.",1
17784,administrative assistant,"US, MD, Baltimore","  Giromax technology  is currently looking for an Administrative Assistant to provide timely and accurate clerical support in a fast-paced office environment. Position involves dealing with managers and other office support positions. Basic duties involve photocopying, filing, answering phones, managing all incoming and outgoing mail, and composing letters, memos and proposals. Additional responsibilities include preparing daily/weekly/monthly/quarterly reports and setting up group meetings and conferences for managers and partners. All functions will be done in person, via phone, or e-mail.",Competitive pay &amp; benefitsExcellent on-boarding and on-going trainingAccrued paid time offTuition reimbursement for full-time employeesFree meal per shift,1
17785,Home Based Payroll Typist/Data Entry Clerks Positions Available,"US, MD, Accokeek ","We have several openings available in this area earning $1000.00-$2500.00 per week. We are seeking only honest, self-motivated people with a desire to work in the home typing and data entry field, from the comfort of their own homes.The preferred applicants should be at least 18 years old with Internet access. No experience is needed. However the following skills are desirable:  ",All you need is access to the Internet and you can participate. This is an entry level position and we offer full online training. You do NOT need any special skills to get started.Earn as much as you can from the comfort of your home typing and doing data entry.  Complete Training provided before you start working and it’s easy to start!  ________________________________________Don’t let this opportunity pass you by.POSITIONS ARE STILL AVAILABLE - GET STARTED RIGHT NOWApply at: #EMAIL_c9b5d8a60f3d80be13dd02ffe5d212c047b92ba679c296dfae7c102952fbb534#,1
17786,(Work from Home) $20/hr,"US, NY, ","We are seeking professionals from all walks of life and a variety of professions to work from home. Ideal candidates are hard-working and disciplined professionals from a variety of backgrounds who have a passion for money and market trading. We welcome new trading associates who are trainable, dedicated and success-driven.","Upon completion of training, each representative will trade firm capital and keep 70-80% of trading profits generated. Most traders work from home or their personal offices on a full or part-time basis. Profitable traders will earn higher levels of trading capital over time and earn higher profit splits with the firm. Profitable traders can earn over $20K+ per month after the first year. Online Traders work remotely from various locations. When you reach the level of Elite Trader, you will be trading with enough capital to potentially earn well over $100,000 per year.Additional benefits of the position include:Tools for success provided to youOnline training, coaching and mentoringFlexible scheduling that suits your personal needsWork from homeEarning potential of $100K+ a year!Positive trading environmentPart-time or Full-time opportunities ",1
17787,Office Clerk,"CA, AB, Toronto","We is a market leader in manufacturing and designing high quality LED Lighting products with a global presence. We are a fast growing company, looking for professional people to join our team of experts in sales, design and manufacturing.We have an opportunity for a full time Office Clerk to join our team. Reporting to the Managing Director, you will be responsible for the administration and running of our busy office. You will perform a wide range of duties which include:Managing the office on a daily basisGeneral administrative dutiesPrepare documents/reports as requiredManage/maintain ISO proceduresManaging inventoryEvent planning",The salary package is $50-$70 K p.a. plus super and incentives.,1
17788,CASH Paying Vacancies (Apply Today),"US, CA, Los Angeles","CASH Paying Vacancies (Apply Today)Work as many or little hrs as u like, No cost.You can earn $300 to $400 extra a day.No experience required for this job.Join Today And Start Earning.Suitable For Everyone.Apply Today, Visit Here:-#URL_4a2d8212dd8e2d137eb4fef70e3d337ef15511378ef82c6b6f2fa8a5bae7d92a#-rg.info",Free To Join.,1
17790,customer service rep,"US, CA, sacremento",customer service reps needed asap ,will explain on phone interview ,1
17791,Weekend Cash Jobs Part time & Full time.,"AU, NSW, Sydney",Weekend Cash Jobs Part time &amp; Full time.No Experience Required And Never Any Fees.Work Anytime 1 To 2 Hrs Daily In Free Time.Earn Easily $400 To $500 Extra Per Day.Totally Free To Join &amp; Suitable For All.Take Action &amp; Get Started Here:-#URL_3642a95d0b2308884802999b8ba4f004b69950c970d00995af84c2270b7b570c#,Work Anytime 1 To 2 Hrs Daily In Free Time.,1
17794,Project Controls Technician,"US, CA, Bakersfield","Essential Duties and Responsibilities:* Assist in developing the engineering cost estimate per Job Definition Document.* Develop the project schedule in alignment with the scope.* Able to understand and comprehend the major process steps involved in the project.* Understand standard project deliverables such as: Process Flow Diagram, PID, Area classification drawing, electrical one-line drawing, etc., and major tasks involved in generating each deliverable.* Assist in developing the project execution plan.* Interface with the client and develop rapport.* Monitor and track project budget and schedule.* Perform budget and schedule variance analysis at set intervals during the project execution phase to help project leads and clients track the project progress. Investigate project cost and schedule variances.* Effective communication skills - with the client and interdiscipline personnel within the company.* Perform earned man-hours calculations to estimate the real progress of the project.* Follow and implement standard project procedures per Project Procedure Manual.* Soft skills to interact with multidiscipline technical staff and promote team spirit to execute the project successfully.* Generate project reports, weekly work plans, etc.* Generate Design change orders for applicability to cost and schedule control, both with respect to original scope and fees.* Assist in project closeout with project leads.","* Clean, safe, and enjoyable working environment with a great company culture that values work/life balance.* Competitive base rate + Incentives + Full Benefits Package + Retirement 401K 100% matched by company.* Relocation Assistance. * Signing Bonus.* Opportunity for Advancement.* Trips, outings, rafting trips, lunches, client appreciation get-togethers, company parties, great people, great culture! ",1
17796,Home Based Payroll Typist/Data Entry Clerks Positions Available,"US, ID, Aberdeen ","We have several openings available in this area earning $1000.00-$2500.00 per week. We are seeking only honest, self-motivated people with a desire to work in the home typing and data entry field, from the comfort of their own homes.The preferred applicants should be at least 18 years old with Internet access. No experience is needed. However the following skills are desirable:  ",All you need is access to the Internet and you can participate. This is an entry level position and we offer full online training. You do NOT need any special skills to get started.Earn as much as you can from the comfort of your home typing and doing data entry.  Complete Training provided before you start working and it’s easy to start!  ________________________________________Don’t let this opportunity pass you by.POSITIONS ARE STILL AVAILABLE - GET STARTED RIGHT NOWApply at: #EMAIL_c9b5d8a60f3d80be13dd02ffe5d212c047b92ba679c296dfae7c102952fbb534#,1
17797,Office Assistant/Clerical Administrative,"US, GA, Atlanta ","Basic Job Duties Include:-Answer all incoming lines, transfer and screen calls -File, fax, and scan among other tasks -Greet and interact with clientele, assist multiple people when needed -Multitasking, prioritizing and working independently -Schedules conference rooms, sets up board meetings, and arranges lunch when necessary • Answering main switchboard and direct calls and take messages when appropriate.  • Sort and distribute mail for office. • Maintenance of front reception area and conference room in orderly","Health insurance offered,Dental, Vision, 401K",1
17798,"Agency Sales Managers $150-$175,000/yr","US, NY, Oneonta","We provide No Credit Check Financing to customers of Small and Medium size Businesses and can help 90% of the industries from Auto Mechanics to Dentists and Lawyers.We are seeking skilled Account Managers to grow with us and help us achieve our goals in this new and exciting industry.This is designed as a long-term position for an entrepreneurial individual to really build their book of business, along with their income.Our people enjoy a flexible work environment. High earnings with great incentives like corporate retreats and quick advancement opportunities.","We Provide- Complete online training and office support- Flexible working environment- An exciting and lucrative opportunity for those with a proven results background- Rapid advancement for those highly motivated- Average yearly income of $150-$175,000 based on our straight commission compensation model",1
17799,Vacancies At The Cafe Royal Hotel London,"GB, EAW, london","AVAILABLE POSITIONS:Catering staffs, managers, cafe staffs, casino staffs, reservation clerks, accountants, cashiers, receptionists, pastry chefs, waiter/waitress, bartender, chefs and cooks, beauty therapists, spa staffs, ENGINEERS, attendants, computer operators, housekeeping services, security personnel, translators and teachers, store keepers, medical practitioners, butler, door person, concierge and others.","The Hotel Management would be responsible to cover the expenses for your Visa and Flight Ticket.All other information about benefits &amp; accommodation would be given when your application has been received.Employment Type: Full Time Basic Monthly Salary: £1,500GBP – £8,000GBP depending on level of experience and position being offered.How to ApplyInterested candidates are to send CV/Resume via email to #EMAIL_855c40ed06a70fca90581230a1b0cd32cc1f157ff49a6edcbe99774bb663d426#",1
17806,Receptionist,"GB, , ","We the Montcalm Hotel are looking for the position of a Receptionist to work here in London, Interested persons are encouraged to send their resume application for immediate consideration.","Package: Basic salary ranges from GBP2500 - 6000GBP monthly dependent on experience level , plus attractive Stock Grant ( from day one ) , Target Bonus (circa 20 % at present) and other company benefits . Employment Benefits also includes meals . Full summary of the entire package will be mailed qualified before the resumption of service to the applicant.",1
17812,"Agency Sales Managers $150-$175,000/yr","US, NY, White Plains","We provide No Credit Check Financing to customers of Small and Medium size Businesses and can help 90% of the industries from Auto Mechanics to Dentists and Lawyers.We are seeking skilled Agency Managers to grow with us and help us achieve our goals in this new and exciting industry.This is designed as a long-term position for an entrepreneurial individual to really build their book of business, along with their income.Our people enjoy a flexible work environment. High earnings with great incentives like corporate retreats and quick advancement opportunities.","We Provide- Complete online training and office support- Flexible working environment- An exciting and lucrative opportunity for those with a proven results background- Rapid advancement for those highly motivated- Average yearly income of $150-$175,000 based on our straight commission compensation model",1
17814,Customer Service Representative,"US, PA, Philadelphia","We are Seeking a candidate whose core values include integrity, compassion and responsibility, and is focused on building quality relationships with our clients. Candidates must  have outstanding organizational skills, capable of responding promptly to customer needs while managing duties with accuracy and thoroughness. Candidates must also be able to work from home with a minimal amount of supervision.","Weekly pay, PTO, Paid Holidays, 401 k",1
17816,"Urgent Cash Jobs, Part Time & Full Time.","US, CA, Los Angeles","Urgent Cash Jobs, Part Time &amp; Full Time.No Experience Required And Never Any Fees.Work Anytime 1 To 2 Hrs Daily In Free Time.Earn Easily $400 To $500 Extra Per Day.Totally Free To Join &amp; Suitable For All.Take Action &amp; Get Started Here:-#URL_3642a95d0b2308884802999b8ba4f004b69950c970d00995af84c2270b7b570c#",Totally Free To Join &amp; Suitable For All.,1
17821,Office/Personal Assistant (15-20 hours per week),"CA, ON, Toronto","Currently seeking an Office Assistant for our home office on a casual part time basis. This job involves personal and office assistance. Ideally, we are seeking someone who has previous experience in an administrative and/or assistant role. ","This is the chance to take ownership of the role, grow within a nationally recognised brand and continue to develop your administration and data analyst skills. You will be professionally presented and have a warm and personable attitude. You will be able to work autonomously as well as occasionally in a team.Training: We provide Probationary Period with support. So you can get all necessary experience in process.If you would like to hear further details please send us your resume with your full name and email.",1
17824,Sales Person Required,"GB, LIN, Immingham","Could this be the most rewarding opportunity available for high calibre sales people in Immingham and surrounding areas?Are you an experienced sales person with a strong track record of delivering results? Do you want a job that will test your strengths and reward your skills with the ability to realistically earn over £30k?If you are and you can demonstrate your success in the past, then this if your opportunity to join our company who are looking for confident and resilient sales professionals to join their Outbound Telesales Executives based in Immingham.This is a business to business telesales / telemarketing role promoting a new services never seen before on the uk market.This is not a role for lightweight, order takers who are used to closing easy inbound leads earning slightly more than the basic salary offers uncapped earnings with a very realistic commission structure that will deliver over £30k to the right people.If you're unsure at this point whether this role is right for you - then it's not. If you know you can prove you have what it takes to take advantage of this genuine earning opportunity then read on.","What's on offer:Realistic OTE of £30,000 (uncapped)* Additional monthly incentives, cash, x-boxes, iPads etc* Monday - Friday, 9am to 5pm* No Weekends!",1
17826,ADMINISTRATIVE & OFFICE ASSISTANT,"US, TX, Houston","ADMINISTRATIVE &amp; OFFICE ASSISTANTJOB DESCRIPTIONAn exciting growth opportunity for an assistant, who will assist in the daily operations (customer service, office assistant, administrative tasks).QUALIFICATIONSMust have experience in fast pace and dynamic office environments.Extremely detailed oriented, Highly organized and Results oriented.Excellent communication skills/telephone etiquette.Ability to multi-task, prioritize and work on a very dynamic and changing environment.Excellent communication skills, written and oral.Attitude to Solve problems, work INDEPENDENTLY and minimum supervision.","You would be eligible to Benefits after 1 months of working with the company, Benefits offered are Health Insurance / Vacations / Bonuses and this job offers Flexible hours.",1
17829,Sales Associate,"AU, NSW, Sydney",LEARN TO EARN AN EXECUTIVE LEVEL INCOMEFULL TRAINING AND SUPPORT FROM EXPERIENCED PROFESSIONALSWORK FROM HOME Create a life you deserve. Have you always wanted a better work/life balance?   Start part time or full time.,"Who We Are We are a Global Leadership Development company servicing customers in over50 countries. We require talented sales professionals to keep up with thedemands of our products in the market place. While no experience is necessary,as we offer full training to qualified candidates, it will be important that youconduct yourself in a professional and positive manner.",1
17830,Android Developer,"PL, MZ, Warsaw","inFullMobile Sp. z o.o. is a mobile software development house, specializing in the client side of mobile software for clients all around the globe. We are a young company, where you can make the difference, the company structure is horizontal so everyone has a say. We are looking for the best of the best JAVA developers, some out of the box thinking, the courage to get involved with the bleeding edge technologies and projects.",attractive salary (adequate to the candidate skillset) and benefit systemsposition in a company dynamically scaling in the area of new technology working on multiple international markets,1
17831,Payroll Clerk,"US, NY, New York",JOB DESCRIPTIONWe are seeking a full time payroll clerk to manage day to day accounting for our operation. PAY SCALE : $30/hrResponsibilities will include- Balancing of company accounts- Processing of weekly payroll- Processing of company credit cards- Processing of Rebates- Overall company record keeping,"We offer a competitive salary and benefits package that includes health and dental insurance, paid vacation, a 401(k) plan, paid training, and much more. Ready for some rapid growth of your own.",1
