word,count
strategic,2070
management,1710
professional,1680
comprehensive,1560
operational,1290
exceptional,1230
ensuring,1230
highly,1170
financial,1080
unparalleled,1050
client,1020
project,990
team,960
development,900
operations,900
meticulous,900
support,870
seeking,840
advanced,840
data,780
opportunity,780
dynamic,780
complex,720
critical,690
robust,690
environment,690
individuals,660
leadership,660
growth,660
actively,660
pivotal,630
diverse,630
communication,630
information,600
provide,600
significant,600
contribute,600
across,600
opportunities,570
join,570
technical,570
continuous,570
excellence,570
performance,570
organizational,540
initiatives,540
office,540
business,540
seamless,540
proactive,540
through,540
remote,540
digital,510
manage,510
integrity,510
commitment,510
service,510
responsibilities,510
professionals,480
organization,480
ensure,480
standards,480
services,480
market,480
execution,450
career,450
sophisticated,450
optimization,450
global,450
adherence,450
integration,450
contributing,450
dedicated,450
competitive,450
offers,450
equipment,450
strong,420
sales,420
safety,420
directly,420
access,420
unwavering,420
efficiency,420
solutions,420
candidates,420
precise,390
potential,390
protocols,390
maintenance,390
administrative,390
engagement,390
key,390
success,390
network,390
manager,390
talent,390
fostering,390
teams,390
esteemed,390
offer,360
expanding,360
guest,360
unique,360
rigorous,360
designed,360
meticulously,360
activities,360
systems,330
product,330
encompassing,330
oversee,330
ambitious,330
cultivate,330
proprietary,330
leader,330
motivated,330
compensation,330
process,330
proactively,330
supportive,330
culture,330
both,330
delivery,300
quality,300
flexible,300
serve,300
training,300
innovative,300
industry,300
intricate,300
impact,300
drive,300
benefits,300
possess,300
successful,270
internal,270
autonomy,270
resources,270
proven,270
executive,270
value,270
maintaining,270
trajectory,270
property,270
compliance,270
encourage,270
specialized,270
system,270
fabrication,270
testing,270
submit,270
stakeholders,270
champion,270
innovation,270
schedule,270
proficiency,270
flexibility,270
optimize,270
delivering,270
invite,270
independent,240
personal,240
brand,240
detail,240
electrical,240
stringent,240
acumen,240
expert,240
platforms,240
profound,240
cuttingedge,240
capabilities,240
consistently,240
strategies,240
contractual,240
engineering,240
exceptionally,240
insights,240
roles,240
relations,240
secure,240
facilitate,240
lead,240
chef,240
immediate,210
apply,210
oversight,210
projects,210
expertise,210
bespoke,210
tools,210
written,210
improvement,210
instrumental,210
asset,210
committed,210
strategically,210
local,210
forwardthinking,210
home,210
engage,210
full,210
degree,210
premier,210
transformative,210
programs,210
managing,210
pioneering,210
rapidly,210
documentation,210
content,210
essential,210
attention,210
virtual,210
relationships,210
coordination,210
efficient,210
accuracy,210
integral,210
optimal,210
lifecycle,210
eager,210
distinguished,210
leverage,210
approach,210
ecosystem,210
entrepreneurial,180
clients,180
enterprise,180
acquisition,180
direct,180
visionary,180
hse,180
finance,180
interest,180
customer,180
qualifications,180
where,180
ongoing,180
stewardship,180
journey,180
influence,180
advancement,180
while,180
dedication,180
objectives,180
external,180
requirements,180
evolving,180
analysis,180
migration,180
demonstrated,180
internet,180
luxury,180
execute,180
timely,180
productivity,180
highspeed,180
identify,180
foster,180
design,180
crossfunctional,180
daily,180
outreach,180
part,180
significantly,180
reliable,180
capacity,180
inventory,180
maintain,180
currently,180
culinary,180
onboard,180
earning,180
mindset,180
connect,150
presentation,150
applications,150
superior,150
collaborate,150
officer,150
effective,150
coordinator,150
candidate,150
uphold,150
collaboration,150
type,150
processes,150
commensurate,150
reports,150
over,150
specialists,150
application,150
aerospace,150
food,150
highperforming,150
weekly,150
plans,150
planning,150
security,150
worklife,150
model,150
assets,150
contributions,150
multiple,150
offering,150
verbal,150
please,150
performancebased,150
achieve,150
control,150
own,150
resource,150
tasks,150
related,150
orchestrate,150
onsite,150
various,150
consistent,150
cultivating,150
site,150
scheduling,150
church,150
record,150
frameworks,150
fulltime,150
collaborative,150
processing,150
analytical,150
platform,150
substantial,150
resultsoriented,150
commercial,150
ideal,150
specifications,150
specialist,150
identifying,150
holistic,150
experiences,150
package,150
conduct,150
seamlessly,150
fiscal,120
parttime,120
these,120
alignment,120
future,120
certification,120
subcontracting,120
poised,120
supply,120
wellbeing,120
keen,120
remuneration,120
multifaceted,120
technological,120
experts,120
environmental,120
center,120
phases,120
sector,120
administration,120
events,120
inquiries,120
diligent,120
driving,120
director,120
areas,120
primary,120
sit,120
implement,120
mechanical,120
agreements,120
associates,120
during,120
systematic,120
framework,120
satisfaction,120
contract,120
best,120
recruiters,120
consideration,120
functions,120
correspondence,120
methodologies,120
review,120
knowledge,120
resolve,120
detailed,120
software,120
expansion,120
partnerships,120
legal,120
articulate,120
verta,120
play,120
redefine,120
prepared,120
thrive,120
vital,120
empowering,120
portal,120
scope,120
hotel,120
program,120
providing,120
community,120
limited,120
leading,120
accountability,120
onboarding,120
crucial,120
detailing,120
translating,120
uncapped,120
skilled,120
vibrant,120
compelling,120
guiding,120
assistant,120
prior,120
impactful,120
relevant,120
clientele,120
optimizing,120
refined,120
driven,120
liaison,120
manufacturing,120
rewarding,120
leveraging,120
individual,120
high,120
astute,120
discerning,120
further,120
core,120
prospective,120
deliver,120
joint,120
revenue,120
actionable,120
understanding,120
rapid,120
express,120
orchestrating,120
spectrum,120
established,120
explore,120
associate,120
recognized,120
ready,120
architect,120
highest,120
trends,90
enhancements,90
precision,90
hospitality,90
sanitation,90
address,90
benchmarks,90
continuously,90
overseeing,90
independently,90
any,90
components,90
chain,90
parameters,90
contributor,90
exercise,90
effectively,90
beverage,90
suppliers,90
subcontractors,90
structure,90
along,90
analyzing,90
tender,90
anomalies,90
construction,90
progressive,90
participation,90
generation,90
handling,90
track,90
governance,90
reporting,90
chance,90
accomplished,90
available,90
highvolume,90
but,90
stages,90
between,90
sites,90
detailoriented,90
budgetary,90
test,90
peak,90
utilizing,90
initial,90
adhering,90
cultivation,90
strictly,90
aker,90
practices,90
measures,90
demonstrate,90
emergency,90
implementing,90
presence,90
monitoring,90
shaping,90
controlled,90
streamlined,90
definitive,90
applicants,90
considered,90
ranging,90
assume,90
earnings,90
performancedriven,90
demands,90
online,90
exemplary,90
ourselves,90
pride,90
contribution,90
phase,90
sous,90
implementation,90
accumulation,90
ultraluxury,90
positioning,90
required,90
communications,90
expertly,90
cruise,90
beneficial,90
workflows,90
entry,90
become,90
passion,90
learning,90
initiative,90
flow,90
front,90
embark,90
every,90
enjoy,90
develop,90
preparation,90
groundbreaking,90
assigned,90
principal,90
validation,90
networks,90
aptitude,90
masterfully,90
environmentkey,90
protection,90
minimum,90
mastery,90
exclusive,90
dining,90
impeccable,90
complete,90
health,90
educational,90
discrepancies,90
hours,90
enhance,90
typically,90
globally,90
engagements,90
options,90
endtoend,90
recruiting,90
demonstrable,90
strict,90
priorities,90
demeanor,90
needs,90
senior,90
confidential,90
efficiently,90
accessibility,90
fastpaced,90
also,90
attendant,90
reflecting,90
truly,90
travel,90
aspirations,90
closely,90
longterm,90
microsoft,90
enduring,90
firm,90
invitation,90
operate,90
empowerment,90
wide,90
conditions,90
spearhead,90
embrace,90
national,90
expansive,90
preservation,90
wealth,90
interpersonal,90
allocation,90
specializing,90
spa,90
mentorship,90
hiring,90
sustained,90
integrated,90
adaptability,90
desire,90
suite,90
supervisor,90
about,90
leaders,90
assessment,90
passionate,90
beyond,90
fully,90
path,90
lifestyle,90
extends,60
executivelevel,60
transitions,60
resolving,60
prospects,60
connection,60
selfdisciplined,60
location,60
organized,60
damage,60
tenant,60
portfolio,60
transition,60
letter,60
cover,60
adept,60
functional,60
maximize,60
general,60
properties,60
enhanced,60
repair,60
largescale,60
inspections,60
highperformance,60
london,60
blend,60
partnering,60
salesmarketing,60
receptionist,60
curated,60
therapist,60
controls,60
loss,60
introduction,60
shape,60
securing,60
adhoc,60
spiritual,60
regular,60
npi,60
agile,60
navigate,60
discipline,60
monitor,60
rigorously,60
msmba,60
pmp,60
progress,60
lean,60
six,60
sigma,60
unprecedented,60
deeply,60
solution,60
negotiation,60
architectural,60
formulation,60
realization,60
authoritative,60
resultsdriven,60
paradigms,60
provides,60
interface,60
generously,60
postsales,60
allowing,60
footprint,60
head,60
exceed,60
contemporary,60
requests,60
proposals,60
highvalue,60
developing,60
highlevel,60
cohesive,60
executives,60
conduit,60
inception,60
faith,60
administrator,60
pastor,60
ideally,60
account,60
expedited,60
marketing,60
mentor,60
aligned,60
managers,60
regulatory,60
hazardous,60
storage,60
compliant,60
space,60
isolation,60
procurement,60
sourcing,60
intelligence,60
enabling,60
personnel,60
operator,60
valued,60
guidance,60
thorough,60
instrumentation,60
validated,60
profiles,60
efforts,60
rapidresponse,60
placement,60
continued,60
influencing,60
problemsolving,60
supporting,60
broader,60
points,60
enterprises,60
firms,60
logs,60
verification,60
change,60
overall,60
plant,60
field,60
enhancement,60
contractors,60
sensitive,60
highimpact,60
regulations,60
one,60
principles,60
reach,60
trust,60
concepts,60
restoration,60
exchange,60
proposition,60
demand,60
establishing,60
accelerated,60
adeptly,60
central,60
procedural,60
proficiencies,60
connections,60
startups,60
action,60
response,60
willingness,60
infrastructure,60
clarity,60
responsible,60
certifications,60
collaborating,60
when,60
focus,60
processwe,60
existing,60
setting,60
setup,60
qualified,60
computer,60
advantageous,60
balance,60
though,60
making,60
income,60
recent,60
graduate,60
commerce,60
output,60
completed,60
stimulating,60
excel,60
records,60
analyze,60
integrate,60
serving,60
selfmotivated,60
gain,60
termlimited,60
careers,60
equally,60
coupled,60
emergent,60
diagnostic,60
predictive,60
realtime,60
diagnostics,60
represents,60
tangible,60
alongside,60
deintegration,60
bristol,60
hospital,60
healthcare,60
perioperative,60
highvoltage,60
patient,60
responsibility,60
obligations,60
facilitation,60
least,60
must,60
staff,60
background,60
collective,60
provided,60
policies,60
make,60
arise,60
specialistwe,60
engaging,60
capital,60
visual,60
exacting,60
deep,60
incentives,60
profitability,60
definition,60
fundamental,60
foundational,60
feedback,60
outcomes,60
opportunityour,60
operation,60
vast,60
insurance,60
corporate,60
subcontracted,60
venture,60
member,60
entertainment,60
attainment,60
orchestration,60
retail,60
production,60
requires,60
boutique,60
entrusted,60
intrinsic,60
partners,60
contracts,60
curate,60
independence,60
cleanliness,60
formulate,60
align,60
demanding,60
documents,60
standard,60
multidisciplinary,60
spanning,60
overarching,60
input,60
most,60
recovery,60
maximizing,60
months,60
medical,60
thriving,60
gas,60
oil,60
products,60
distinctive,60
enterpriselevel,60
state,60
reward,60
members,60
awareness,60
uncompromising,60
plan,60
evaluation,60
coaching,60
close,60
fields,60
comfort,60
regional,60
conventional,60
environments,60
subcontract,60
ventures,60
seasoned,60
elevate,60
coverage,60
enthusiastic,60
command,60
english,60
permanent,60
just,60
mobility,60
aspire,60
employment,60
cycles,60
throughout,60
hoursweek,60
supervision,60
towards,60
present,60
renowned,60
prestigious,60
stands,60
selection,60
worldclass,60
selfdirected,60
necessary,60
welcoming,60
fleet,60
discretion,60
range,60
tied,60
developmentthis,60
professionalism,60
document,60
technology,60
extensive,60
star,60
premium,60
coordinate,60
assurance,60
email,60
schedules,60
master,60
forward,60
supplies,60
logistics,60
pathway,60
precisely,60
resolution,60
contacted,60
unlock,60
assistance,60
talented,60
partnership,60
approved,60
efficiencies,60
maritime,60
completion,60
tooling,60
empowered,60
sustainable,60
ethic,60
payroll,60
seek,60
requisite,60
division,60
embody,60
smooth,60
particularly,60
guarantee,60
missioncritical,30
pre,30
interior,30
sanitization,30
transformation,30
consultation,30
highstandard,30
cleaning,30
transformations,30
presales,30
research,30
occupants,30
readinesswe,30
leave,30
overview,30
reliabilityto,30
controlsposition,30
contracting,30
assignments,30
engineer,30
detailsthis,30
technically,30
how,30
compromised,30
prevent,30
capable,30
demonstrations,30
engineerare,30
unauthorized,30
hazard,30
mitigation,30
presentations,30
remediation,30
incentive,30
responsive,30
addressing,30
retirement,30
complemented,30
thought,30
such,30
education,30
mold,30
relocation,30
sick,30
backbone,30
audiences,30
deliverythis,30
blueprints,30
maximization,30
advertisers,30
saleskey,30
visitor,30
disruption,30
remarkable,30
highvisibility,30
minimal,30
futurestate,30
cycle,30
boardup,30
architectwe,30
discovery,30
employees,30
goals,30
contexts,30
exhaustive,30
accounts,30
complexities,30
assist,30
fridaybenefitswe,30
users,30
monday,30
dental,30
resilient,30
scalable,30
alternatives,30
enterprisewide,30
vacation,30
ataatn,30
off,30
transformationskey,30
paid,30
demonstrably,30
landscapes,30
engagementthis,30
generous,30
industryleading,30
publishers,30
platespin,30
bmc,30
addm,30
etc,30
select,30
deliverycore,30
nextgeneration,30
affected,30
channels,30
residential,30
savings,30
aspiring,30
highgrowth,30
reconciliation,30
processeskey,30
day,30
meaningfully,30
substantive,30
entrylevel,30
staffing,30
qualificationsthis,30
recently,30
pursuing,30
either,30
disciplines,30
prosperity,30
build,30
merely,30
clientelewe,30
leverages,30
accounting,30
excellencequalifications,30
enrolled,30
numerical,30
excellent,30
clearly,30
inherent,30
families,30
learn,30
start,30
ascent,30
story,30
fullservice,30
reachkey,30
launch,30
attributes,30
promoting,30
missionif,30
autonomous,30
economic,30
representing,30
positive,30
participate,30
refinement,30
advocacy,30
portfolios,30
communicationqualifications,30
persuasive,30
capability,30
levels,30
connectivity,30
headset,30
student,30
phone,30
clientfacing,30
promotional,30
possessing,30
motivation,30
quick,30
aptitudebenefits,30
impactapplication,30
reviewing,30
top,30
discuss,30
others,30
prioritized,30
levelare,30
specialize,30
fortune,30
structural,30
exterior,30
limitations,30
remedial,30
renovation,30
routine,30
landscaping,30
grounds,30
include,30
emerging,30
transitionkey,30
occupancy,30
wellmaintained,30
traditional,30
executing,30
forge,30
debris,30
clearance,30
removal,30
disposal,30
materials,30
pristine,30
transcends,30
vacancy,30
departures,30
eviction,30
securitization,30
lock,30
replacement,30
safeguard,30
seasonal,30
winterization,30
protect,30
partner,30
correlates,30
considerable,30
preferred,30
tenets,30
seekers,30
assisting,30
temporary,30
operates,30
leadershipwe,30
those,30
then,30
initiativeskey,30
streamline,30
managementwhy,30
commitments,30
transparent,30
entirely,30
disbursements,30
endeavor,30
convenience,30
predictable,30
paymentsideal,30
attributeswe,30
cultivates,30
comfortable,30
navigating,30
empowers,30
modern,30
champions,30
envision,30
computing,30
device,30
roleif,30
coordinating,30
systemsideal,30
nurture,30
monthend,30
hour,30
nature,30
rate,30
hourly,30
satisfactioncompensation,30
metrics,30
inefficiencies,30
minimize,30
crossfunctionally,30
transactions,30
rebate,30
prevention,30
empower,30
expenditures,30
procedures,30
growthoriented,30
championed,30
sectorrole,30
results,30
divisions,30
distributed,30
nexus,30
cyclesas,30
workforce,30
has,30
fulltimeabout,30
spearheading,30
chesterjob,30
west,30
ohio,30
aerospacelocation,30
yesindustry,30
solutionsrelocation,30
closing,30
reconciliations,30
inbound,30
timeliness,30
timejob,30
status,30
permanentjob,30
driverjob,30
translatorinterpreter,30
language,30
nursedoctor,30
technician,30
banquet,30
commis,30
partie,30
chefs,30
barman,30
bartender,30
cashier,30
united,30
kingdomwe,30
upholding,30
employee,30
absolute,30
administer,30
approachkey,30
versatile,30
coordinatorwe,30
meaningful,30
accelerate,30
aspirationsshortlisted,30
quiet,30
reputation,30
lasting,30
insightful,30
interactions,30
compassionate,30
ensures,30
exceeding,30
expectations,30
innovationcore,30
outlookexperience,30
powerpoint,30
word,30
synthesis,30
indicating,30
differentiator,30
force,30
outsourcing,30
acuity,30
respect,30
mutual,30
example,30
unify,30
inspire,30
transformational,30
prerequisites,30
regulated,30
nonnegotiablemandatory,30
excellencesuccessful,30
specialization,30
chosen,30
rewardedwhile,30
sixfigure,30
packages,30
rewarded,30
transcription,30
accredited,30
relationship,30
domains,30
officeswe,30
organizations,30
evidenced,30
regarded,30
decisions,30
judgment,30
proactivity,30
strata,30
establishment,30
dissemination,30
synergy,30
vigilant,30
statements,30
profit,30
imperatives,30
counsel,30
disseminating,30
closure,30
outcomesas,30
echelons,30
timelines,30
aggressive,30
leadingedge,30
handson,30
exhibiting,30
rigor,30
highvelocity,30
agility,30
its,30
crowdsourcing,30
foundation,30
capabilitiesrequired,30
academic,30
highstakes,30
expected,30
profilecandidates,30
practicescandidate,30
act,30
grounded,30
architecting,30
north,30
accountfinance,30
america,30
ethical,30
bolster,30
improvements,30
productive,30
experienced,30
recordkeeping,30
utmost,30
matters,30
congregantskey,30
fellowship,30
gospel,30
ministries,30
main,30
eye,30
seeks,30
administratorour,30
effectivenessqualifications,30
faithbased,30
nonprofit,30
rooted,30
denominational,30
ethos,30
define,30
traditions,30
baptist,30
pentecostal,30
empathetic,30
meet,30
technologies,30
workspace,30
google,30
suites,30
innovationdriven,30
deadlines,30
logistical,30
diligence,30
learnif,30
rfps,30
competitor,30
analyses,30
indepth,30
adoption,30
highpotential,30
submissions,30
first,30
selfstudy,30
rfis,30
impression,30
outlined,30
respond,30
emphasizing,30
persuade,30
capitalize,30
advancements,30
eagerness,30
advance,30
audience,30
prerequisite,30
mandatory,30
age,30
dedicationcandidates,30
integritythis,30
eventsthis,30
active,30
industrydefining,30
attend,30
territory,30
undertake,30
targets,30
roadmap,30
confidentiality,30
conductwhy,30
beauty,30
usthis,30
conference,30
casino,30
catering,30
brands,30
bar,30
restaurant,30
reception,30
offerings,30
departments,30
inviting,30
environmentwe,30
craft,30
anticipation,30
conveniencein,30
meets,30
event,30
planner,30
translates,30
keeper,30
cafe,30
room,30
europe,30
desk,30
highcaliber,30
host,30
store,30
housekeeping,30
secretary,30
human,30
analyst,30
assistancewe,30
lobby,30
housekeeper,30
gem,30
hidden,30
zone,30
equipped,30
thames,30
river,30
iconic,30
nestled,30
emblem,30
londonhotel,30
hoverorcbukdiscover,30
positioned,30
ref,30
await,30
congregants,30
lives,30
encourages,30
mission,30
professionally,30
citys,30
congestion,30
without,30
outside,30
easy,30
parking,30
ample,30
elegance,30
compromise,30
stay,30
ultimate,30
destination,30
identity,30
defines,30
amenities,30
deluxe,30
tranquility,30
selfstarters,30
bars,30
target,30
portable,30
alcohol,30
readings,30
logbook,30
shift,30
synthesize,30
handoff,30
suppression,30
mechanics,30
fire,30
judicious,30
assignment,30
recognition,30
fires,30
accidents,30
federal,30
subject,30
validating,30
nomination,30
confined,30
diligently,30
loto,30
palates,30
enforcing,30
fuel,30
entities,30
matter,30
operators,30
customers,30
stakeholder,30
enforce,30
junior,30
instruction,30
incidents,30
responses,30
energy,30
power,30
evaluate,30
worldwide,30
formidable,30
approximately,30
grid,30
countries,30
circuits,30
solutionsaker,30
forefront,30
energywe,30
switching,30
than,30
dampers,30
pumps,30
petroleum,30
adjustments,30
functionality,30
techniques,30
malfunctions,30
discoveries,30
safeguarding,30
uninterrupted,30
propels,30
crisis,30
composure,30
decisive,30
highpressure,30
scenarios,30
corrective,30
preeminent,30
limits,30
upon,30
hot,30
manipulation,30
automated,30
disassembly,30
grounding,30
fault,30
wiring,30
gastronomic,30
environmentspecifically,30
calibration,30
reassembly,30
servicing,30
inspection,30
planned,30
preventive,30
readiness,30
inventories,30
collaborates,30
motor,30
permits,30
perform,30
fleetsincerelyadrian,30
phasing,30
routing,30
brush,30
machinery,30
rotating,30
installations,30
exhibit,30
westdepartmental,30
tubing,30
conduits,30
forming,30
threading,30
recruitment,30
tool,30
meals,30
component,30
drawing,30
conceptualization,30
substances,30
menu,30
dispensation,30
selections,30
banquets,30
assessments,30
troubleshooting,30
ppe,30
protective,30
conducting,30
zones,30
excavation,30
inspecting,30
mandates,30
heights,30
material,30
labeling,30
identification,30
waste,30
facilities,30
discern,30
guidelines,30
expenditure,30
interpret,30
repository,30
drawings,30
responding,30
directives,30
notations,30
updates,30
valves,30
take,30
message,30
handover,30
rewardin,30
spirit,30
base,30
sls,30
accelerating,30
transfer,30
remaining,30
availability,30
stock,30
conclusion,30
performancebasedare,30
incisive,30
possibilities,30
pertinent,30
nurturing,30
segments,30
governing,30
agilely,30
relentless,30
selfstarter,30
area,30
arrangements,30
hardware,30
achievements,30
deviations,30
encompass,30
engagementwe,30
enhancing,30
decisionmaking,30
verify,30
mutually,30
final,30
discover,30
issues,30
evolutionelevate,30
jsas,30
claims,30
dispute,30
resourcesthis,30
permissions,30
photo,30
visitors,30
freeissued,30
lists,30
items,30
deliveries,30
initiation,30
nascent,30
invaluable,30
reviews,30
freelance,30
opportunitieswe,30
aligns,30
made,30
validate,30
monthly,30
variations,30
amendments,30
tenders,30
creation,30
publishing,30
media,30
strategythese,30
facilitated,30
affiliation,30
saudilancer,30
inclusion,30
cost,30
opportunityqualifications,30
stand,30
candidatesto,30
accuracyas,30
imperativesrole,30
mandatethe,30
participating,30
qualitykey,30
expression,30
catalyst,30
detailideal,30
ontime,30
synergies,30
instilling,30
supplementary,30
resourceful,30
frameworkthis,30
augment,30
should,30
terms,30
today,30
exhilarating,30
deactivation,30
activation,30
ageif,30
challenges,30
confronting,30
decades,30
subsea,30
comeopportunity,30
managerlocation,30
houston,30
common,30
proficient,30
usaas,30
resolutionoriented,30
rewards,30
recognizes,30
lucrative,30
resume,30
expertsto,30
negotiate,30
memoranda,30
mous,30
commission,30
problemsolvingbenefits,30
regardless,30
thinking,30
tendering,30
targetdriven,30
subcontractor,30
supplier,30
quotations,30
itt,30
concise,30
strategy,30
bid,30
outlining,30
vision,30
deployed,30
sharing,30
locationkey,30
projectbased,30
accurate,30
assembly,30
channelswhat,30
set,30
accommodating,30
lifestyles,30
fosters,30
termination,30
cabling,30
lubrication,30
worldwidecandidate,30
linerssailing,30
regions,30
telephone,30
itineraries,30
exotic,30
destinations,30
refinementsdesired,30
performancethis,30
profilewhile,30
previous,30
solutionsoriented,30
line,30
demonstrating,30
contact,30
sense,30
guestsvessel,30
admission,30
curators,30
excellencethe,30
care,30
excursion,30
endoscopy,30
surgery,30
ambulatory,30
patientcentric,30
enjoyment,30
family,30
nannies,30
avenues,30
enrich,30
grow,30
ambiance,30
point,30
welcome,30
transferable,30
thereby,30
video,30
engine,30
analytics,30
attractive,30
empirically,30
rotation,30
four,30
multichannel,30
them,30
subscriptions,30
followed,30
two,30
instruments,30
restorative,30
interviewing,30
toolkit,30
streamlining,30
workflow,30
gathered,30
compiled,30
deployment,30
contractsstructured,30
underpinned,30
unequivocal,30
confidence,30
coordinatorjoin,30
valuedemployment,30
fill,30
public,30
genuine,30
satisfactionkey,30
safe,30
collaborations,30
extend,30
protocolsqualifications,30
plus,30
extraordinary,30
equivalent,30
diploma,30
school,30
guestswe,30
archiving,30
concurrently,30
scanning,30
positions,30
array,30
emailbased,30
slas,30
level,30
meeting,30
prioritize,30
frontline,30
accepting,30
amplifying,30
landscape,30
fulfilling,30
specialistjoin,30
proceed,30
initiate,30
exclusively,30
timesensitive,30
statement,30
precisionapplication,30
speed,30
american,30
linewe,30
teamoriented,30
predetermined,30
database,30
twoyear,30
operating,30
propel,30
indicators,30
datadriven,30
incumbent,30
physical,30
budget,30
departmental,30
opportunitywe,30
successfurthermore,30
competency,30
accommodations,30
shipboard,30
coordinators,30
workflowsa,30
planningmaintaining,30
governmental,30
agency,30
paramount,30
infection,30
eateries,30
timesthis,30
institutioninterested,30
invited,30
casual,30
establishments,30
official,30
fine,30
following,30
engagementlocation,30
operationsemployment,30
yearsabout,30
modules,30
leavecomprehensive,30
unfettered,30
optimized,30
positively,30
independenceas,30
international,30
equipping,30
reduction,30
expense,30
prudent,30
consultative,30
around,30
centered,30
clienteleif,30
founded,30
paradigmour,30
dictate,30
involves,30
built,30
networked,30
retailers,30
estate,30
real,30
boundaries,30
shared,30
recognizing,30
ecosystemthis,30
alliances,30
extended,30
wellbeingjob,30
distinguish,30
basewe,30
descriptionas,30
innovator,30
hardworking,30
clear,30
shapes,30
associateare,30
recommendations,30
rcm,30
reliabilitycentered,30
collection,30
promptly,30
reliability,30
next,30
steps,30
applicationto,30
deployments,30
integrations,30
softwarehardware,30
hourswe,30
look,30
lifespan,30
facility,30
immaculate,30
addressqualified,30
contractor,30
direction,30
paste,30
commit,30
acquiring,30
competencies,30
pertaining,30
shifts,30
copy,30
toemaileadacdedbcafcbacbacfdffcb,30
resumecv,30
vehicles,30
mobile,30
forklifts,30
mortgage,30
sectors,30
elite,30
geographic,30
ensuite,30
accommodation,30
facilitates,30
profiling,30
domain,30
gourmet,30
strengths,30
principled,30
showcasing,30
directory,30
featured,30
prominently,30
induction,30
formal,30
private,30
includes,30
assemble,30
perfectly,30
which,30
reflected,30
furthermore,30
whose,30
skill,30
sets,30
resonate,30
specializationboth,30
granted,30
privileged,30
packageour,30
note,30
tracking,30
lifecycleupon,30
transparency,30
realty,30
wifi,30
engineered,30
paradigm,30
complimentary,30
nationwide,30
creates,30
trajectorythis,30
pace,30
placed,30
taxexempt,30
california,30
centers,30
euros,30
many,30
embarking,30
sponsorship,30
exponential,30
partnersbeyond,30
ownership,30
pathways,30
visa,30
broker,30
branch,30
markets,30
prospectsif,30
equity,30
profile,30
duration,30
peerreviewed,30
inducted,30
selective,30
vetting,30
benefit,30
