is_scam_job,job_id,job_title,location,salary_range,company_name,job_description,requirements,benefits,required_experience,fraudulent,original_description_before_llm
TRUE,5452,Adminstrative/Data Entry,"US, VA, Marshall",,Arise Solutions,"Arise Virtual Solutions stands as a pioneering force in the business process outsourcing sector, distinguished by its unique integration of crowdsourcing innovation, cutting-edge virtual technology, and refined operational efficiencies to consistently deliver unparalleled client outcomes.

As an established leader and recognized architect of the distributed workforce model, Arise has championed remote service delivery for over 15 years. We empower a vast, dynamic ecosystem of over 25,000 independent professionals across North America and Europe, specializing in high-caliber customer support, strategic sales, and advanced technical assistance.

We invite entrepreneurial individuals passionate about delivering exceptional service to leverage our robust, proprietary platform. Join a thriving network where your dedication directly translates into the success of leading global brands, all from the comfort and flexibility of your own professionally equipped home office. This is an unparalleled opportunity to define your own schedule, cultivate your professional growth, and contribute to a transformative model of enterprise-level service delivery within a supportive, innovation-driven environment.",All normal requirements in the Adminstrative and Data Entry field but no special or specific requirements needed please apply if you are in the force as well we await your response as to attend to them ASAP!,"Benefit eligible employees qualify for Arise, Inc. benefit package, which is a comprehensive package including optional Health, Dental, Vision, Flexible Spending Accounts, 401k, and more Additional details may be provided upon selection for interview.",,1,"Arise Virtual Solutions is a business process outsourcing company that uniquely blends crowdsourcing innovation, virtual technology and operational efficiencies to deliver better results. Recognized as a work-at-home call center pioneer, Arise has been delivering services in the cloud for over 15 years through its network of over 25,000 independent work-at-home customer service, sales and technical support providers in the United States, Canada, the United Kingdom and Ireland."
TRUE,998,EXECUTIVE SOUS CHEF,"MY, , ",55000-65000,Le Meridien,"As a pivotal leader within our distinguished culinary division, the Executive Sous Chef strategically collaborates with the Executive Chef to meticulously orchestrate the planning, development, production, and comprehensive management of all gastronomic operations. This critical role is instrumental in ensuring the consistent delivery of an unparalleled guest experience and driving exceptional financial performance within a dynamic, world-class hospitality environment.

Specifically, the Executive Sous Chef will be entrusted with key responsibilities, demanding the highest standards of execution:

 Provide visionary oversight and direct support to the Executive Chef across all culinary functions, encompassing the meticulous preparation and presentation of diverse hotel meals, unwavering adherence to exacting food quality standards, stringent compliance with all safety and sanitation protocols, and the proactive optimization of team productivity and operational profitability.
Cultivate strategic guest and client relationships, actively engaging to discern satisfaction trends, proactively address feedback, and implement enhancements that elevate the dining experience to new heights.
Champion culinary innovation by contributing to the conceptualization and execution of bespoke menu selections for premier banquets and events, drawing upon cutting-edge food trends and refined regional palates in close collaboration with the Executive Chef and Director of Food and Beverage.
Uphold and enforce the most rigorous federal, state, local, and company health, safety, sanitation, and alcohol awareness standards, fostering a culture of uncompromising compliance and operational excellence.
",,,Executive,1,"Responsible for assisting in the direction and administration of the planning, preparation, production and control of all culinary operations in the hotels continuing effort to deliver outstanding guest service and financial profitability.As Executive Sous Chef, you would be responsible for assisting in the direction and administration of the planning, preparation, production and control of all culinary operations in the hotel's continuing effort to deliver outstanding guest service and financial profitability. Specifically, you would be responsible for performing the following tasks to the highest standards:Assist the Executive Chef in the direction and oversight of all culinary operations, to include, but not limited to, preparation and production of all hotel meals, food quality and presentation, compliance with all safety and sanitation standards and regulation, team member productivity and performance, implementation of policies and procedures, cost controls and overall profitabilityAssist the Executive Chef by interacting with guests and clients to monitor and assess satisfaction trends, evaluate and address issues and make improvements accordinglyAssist the Executive Chef in creating and implementing menu selections for special banquet themes and events based on current food trends and regional tastes in partnership with the Executive Chef and Director of Food and Beverage, as neededEnsure compliance with federal, state, local and company health, safety, sanitation and alcohol awareness standardsMonitor and develop team member performance to include, but not limited to, providing supervision, conducting counseling and assisting with evaluations, training, scheduling and assigning work and delivering recognition and reward"
TRUE,6576,Project Subcontracting Manager,"US, TX, Houston",,Aker Solutions,"Aker Solutions: Pioneering Excellence in Global Energy Solutions

Aker Solutions stands as a preeminent global leader, delivering cutting-edge products, sophisticated systems, and comprehensive services to the dynamic oil and gas industry. Our unwavering commitment to engineering innovation, advanced design methodologies, and proprietary technology propels new discoveries into robust production, consistently maximizing recovery from vital petroleum fields worldwide. With a formidable global presence, encompassing approximately 28,000 dedicated professionals across 30 countries, we are at the forefront of shaping the future of energy.

We are actively seeking visionary individuals poised to embrace a pivotal role. More than just a position within Aker Solutions, we invite you to take a definitive stand on the complex and exhilarating challenges confronting the global oil and gas sector, both today and in the decades to come.

Opportunity: Project Subcontracting Manager
Location: Houston Office, USA
Key Responsibilities and Strategic Contributions:

Strategic Oversight & Execution: Provide overarching leadership for the successful delivery of joint venture projects, ensuring seamless integration of subcontracted activities and proprietary fabrication processes.
Performance & Culture Catalyst: Champion an exemplary HSE and quality mindset, driving on-time delivery, fostering collaborative synergies, and instilling a proactive, resolution-oriented approach across all project phases.
Project Lifecycle Engagement: Influence project outcomes from the foundational System Definition phase, maintaining deep engagement through Detailing, Fabrication, Assembly, and rigorous Integration Test phases.


This role offers a unique opportunity to shape significant global projects within a forward-thinking organization, providing an environment for unparalleled professional growth and impact.","Qualifications &amp; personal attributes- MSc. in Engineering or/and Business Administration- 10 years’ experience from international Oil &amp; Gas or infrastructure industries as lead construction position- 3 years’ experience with handling of contractual issues within engineering and construction projects for offshore and subsea applications - Fundamental knowledge of; contract drafting, negotiating, background law, and business norms for Aker Subsea and Aker Solutions’ Contract Standards - Basic understanding of ERP systems, preferably SAP- Basic understanding of planning tools, preferably Primavera- Good communication and leadership skills- Good knowledge of the English language- Systematic and analytical - High integrity and ethical values- Ability to work both operationally and strategically- Flexibility on travelling and stationing/rotation required according to the project’s needs.",We offer• Friendly colleagues in an industry with a bright future.• An environment where you are encouraged to develop your skills and share your knowledge with your colleagues.• Competitive benefits and strong focus on work-life balance.,,1,"Corporate overviewAker Solutions is a global provider of products, systems and services to the oil and gas industry. Our engineering, design and technology bring discoveries into production and maximize recovery from each petroleum field. We employ approximately 28,000 people in about 30 countries. Go to #URL_0fa3f7c5e23a16de16a841e368006cae916884407d90b154dfef3976483a71ae# for more information on our business, people and values.We are looking for individuals who are prepared to take a position. Not only a position within Aker Solutions, but also a position on the exciting challenges the global oil and gas industry faces now and in the futureAker Solutions are looking to recruit a Project Subcontracting Manager to be based in their Houston office, USA.We are currently expanding and we need new talents who can strengthen our team and support our ambitious plans within the subsea market.Responsibilities and tasks- Overall responsibility for management of the Joint Venture (JV) its contracts ie. management of subcontracts and own fabrication and test activities at service base in the country/region of execution. - Promote HSE and quality mindset, on-time delivery, co-operation, proactive- and resolution oriented mindset and continuous improvement. - To participate in the project from System Definition phase and heavily engaged during Detailing &amp; Fabrication, Assembly and Integration test phases. - Is part of the Project Management Team and is jointly accountable for achieving the project objectives (budget, scope, time schedule and quality).Execution overall - Managing all resources being part of the JV as well as all subcontracting/site teams- Participate on Tender teams when bidding on new SPS / MSP projects - Review ITT and determine client requirements for Local content and hence subcontracting- Establish project specific Terms &amp; Conditions for Purchase Orders to subcontractors when required, including LCI requirements- Prepare and negotiate any MOU and contracts with potential partners/subcontractors/local suppliers as part of BD/tendering activities and as part of project execution- Reviewing and analysing subcontractors/local supplier quotations as required- Managing the contracts towards local suppliers/subcontractors wrt scope, time, cost and qualityExecution at site(s);- Ensure timely delivery from product areas deliveries, including engineering documents and HW for local content execution- Ensure timely handling of any deviations- Is authorized to take and implement necessary decisions to ensure efficient performance construction and testing - Ensure mechanical completion on site- Ensure development of final documentation- Coordinate on site to facilitate for system integration testing (SIT)- Ensure required tooling is available for testing - Ensure SLS (local service base) participation in the project from System Definition phase including a proper handover- Ensure proper tidying up and handling of the test EQ, remained stock at site at the end of the project Scope Management- Report to the Project Management Core Team on any contractual or commercial issues related to sub-contractors- Prepare a list of necessary commercial and contractual qualifications for inclusion in tenders/projects for subcontract amendments or variation- Ensure that the fabrication is in accordance with the design- Assist in claims management and claims resolutionTime Management- Coordinate supplies to site (CPI/free issued items), fabrication and testing activities- Overlook fabrication, manufacturing and testing activities to ensure timely deliveriesQuality Management- Review quality plans for internal and subcontracted fabrication and follow up fabrication sites for proper implementation Communication Management- Ensure efficient communication between the project and manufacturing sites- Report progress on construction, fabrication and testing activitiesHSE Management- Provide feedback and supervise HSE plans since early in the project- Coordinate and monitor HSE requirements during construction and testing to ensure top HSE standards- Ensure on site HSE activities/actions (participate and document SJA, regular and ad-hoc inspections, train SIT team, handle SIT ""visitors"", get photo permissions for SIT resources etc)Corporate overviewAker Solutions is a global provider of products, systems and services to the oil and gas industry. Our engineering, design and technology bring discoveries into production and maximize recovery from each petroleum field. We employ approximately 28,000 people in about 30 countries. Go to #URL_0fa3f7c5e23a16de16a841e368006cae916884407d90b154dfef3976483a71ae# for more information on our business, people and values.We are looking for individuals who are prepared to take a position. Not only a position within Aker Solutions, but also a position on the exciting challenges the global oil and gas industry faces now and in the futureAker Solutions are looking to recruit a Project Subcontracting Manager to be based in their Houston office, USA.We are currently expanding and we need new talents who can strengthen our team and support our ambitious plans within the subsea market.Responsibilities and tasks- Overall responsibility for management of the Joint Venture (JV) its contracts ie. management of subcontracts and own fabrication and test activities at service base in the country/region of execution. - Promote HSE and quality mindset, on-time delivery, co-operation, proactive- and resolution oriented mindset and continuous improvement. - To participate in the project from System Definition phase and heavily engaged during Detailing &amp; Fabrication, Assembly and Integration test phases. - Is part of the Project Management Team and is jointly accountable for achieving the project objectives (budget, scope, time schedule and quality).Execution overall - Managing all resources being part of the JV as well as all subcontracting/site teams- Participate on Tender teams when bidding on new SPS / MSP projects - Review ITT and determine client requirements for Local content and hence subcontracting- Establish project specific Terms &amp; Conditions for Purchase Orders to subcontractors when required, including LCI requirements- Prepare and negotiate any MOU and contracts with potential partners/subcontractors/local suppliers as part of BD/tendering activities and as part of project execution- Reviewing and analysing subcontractors/local supplier quotations as required- Managing the contracts towards local suppliers/subcontractors wrt scope, time, cost and qualityExecution at site(s);- Ensure timely delivery from product areas deliveries, including engineering documents and HW for local content execution- Ensure timely handling of any deviations- Is authorized to take and implement necessary decisions to ensure efficient performance construction and testing - Ensure mechanical completion on site- Ensure development of final documentation- Coordinate on site to facilitate for system integration testing (SIT)- Ensure required tooling is available for testing - Ensure SLS (local service base) participation in the project from System Definition phase including a proper handover- Ensure proper tidying up and handling of the test EQ, remained stock at site at the end of the project Scope Management- Report to the Project Management Core Team on any contractual or commercial issues related to sub-contractors- Prepare a list of necessary commercial and contractual qualifications for inclusion in tenders/projects for subcontract amendments or variation- Ensure that the fabrication is in accordance with the design- Assist in claims management and claims resolutionTime Management- Coordinate supplies to site (CPI/free issued items), fabrication and testing activities- Overlook fabrication, manufacturing and testing activities to ensure timely deliveriesQuality Management- Review quality plans for internal and subcontracted fabrication and follow up fabrication sites for proper implementation Communication Management- Ensure efficient communication between the project and manufacturing sites- Report progress on construction, fabrication and testing activitiesHSE Management- Provide feedback and supervise HSE plans since early in the project- Coordinate and monitor HSE requirements during construction and testing to ensure top HSE standards- Ensure on site HSE activities/actions (participate and document SJA, regular and ad-hoc inspections, train SIT team, handle SIT ""visitors"", get photo permissions for SIT resources etc)"
TRUE,8483,Operator Mechanic 1,"US, CA, City of Industry",,Edison International,"Job Responsibilities:

Operational Leadership: Oversee the precise activation, continuous operational management, and systematic deactivation of complex mechanical and electrical systems, ensuring unwavering alignment with strategic contractual obligations and robust business objectives.
System Optimization: Execute the controlled manipulation of critical process components, including valves, pumps, and dampers, to optimize system performance and maintain unparalleled operational integrity.
High-Voltage Management: Conduct high-voltage electrical switching operations (up to 230 kV) with meticulous adherence to stringent safety protocols and peak operational efficiency standards. Manage the strategic integration and de-integration of electrical circuits and power generation assets within the dynamic operational grid.
Performance Monitoring & Diagnostics: Continuously evaluate intricate system performance parameters, implementing real-time adjustments to ensure optimal functionality and drive proactive, predictive maintenance. Apply advanced diagnostic techniques to identify and resolve complex equipment malfunctions and emergent operational anomalies, safeguarding uninterrupted performance.
","Qualifications:Thorough knowledge of electrical, hydraulic, pneumatic and mechanical equipment and systems.Thorough knowledge of plant terminology and nomenclature.Thorough knowledge of power plant equipment, construction, capacities, limitations, theories of operation and operating procedures. Knowledge of the principles of power plant water chemistry.Knowledge of maintenance procedures and practices. Knowledge of proper and safe working practices including methods to implement lockout/tag out of equipment and confined space entry.Skilled in the use of hand and power tools. Skilled in the use of mobile equipment such as forklifts and man lifts.Skilled in the use of a computer.Ability to effectively communicate clearly in writing and verbally.Ability to understand and follow verbal and written instructions.Ability to give direction to other employees. Ability to read and understand technical information, prints and engineering data, interpret charts, graphs, and gauge scales.Ability to troubleshoot and repair equipment and system problems.Ability to interface with others and effectively function as a member and leader of a team.Equipment may be located in areas requiring working from a step stool or climbing vertical ladders and stairways up to 150 feet. Physical Demands:Equipment located in confined spaces may require employee to reach by stooping and/or crawling through tight clearances, or by lying down.Some confined spaces can be accessed only by lowering oneself into the space feet first, after first removing a hatch weighing 10 to 25 pounds. Employee may routinely be required to stand for extended periods of time and to walk over uneven surfaces such as loose rock, open grating and up and down ladders and staircases. Employee may need to carry tools, materials and equipment generally weighing up to 80 pounds and more.Some tools are irregularly shaped, and can weigh up to 80 pounds. While working on equipment or instruments with pressurized systems; it may be required to lift tools and cylinders that contain high pressured gases or compressed air and are 4 to 5 feet in height and may weigh up to 75 pounds.The compartments where certain equipment or instruments need to be accessed may exceed 150 degrees F. Other instruments and equipment to be serviced are mounted on surfaces where the temperature may exceed 600 degrees F. Maintenance activities may include working on electrical equipment with voltages up to 230 kV. While installing high voltage grounds, the employee will lift ground connections overhead on poles. Overhead work may require the employee to carry and move portable ladders. Large electrical breakers may need to be manually pulled and pushed to complete work.Employee may be required to work long periods at a computer terminal. Employee will be required to work rotating shifts. Employee will be required to work overtime.Education:  High School graduate or equivalent. College courses in engineering preferred.Experience:Minimum of five years experience in the operation and maintenance of a power generating facility.Current Operator Mechanic 1 or incumbent Operator Mechanic 2 with a release for upgrade.",,Mid-Senior level,1,"Job Responsibilities:* Start-up, operate and shutdown mechanical, and electrical equipment to meet contract and business plan requirements.* Manually operate valves, pumps, dampers, and other equipment as necessary.* Perform switching of electrical equipment up to 230 kV.* Perform operations to place electrical circuits and generating equipment in and out of service.* Monitor equipment for proper operation and make adjustments as required.* Diagnose equipment problems and identify abnormal conditions.* Respond calmly to emergency situations and take corrective action to operate equipment within safe limits and good industry practice. * Determining the operating status of equipment from previous shift personnel, logbook entries, visual inspection of records, indicating instruments, and by local inspection. * Direct the activities of the Operator Mechanic 2(s) in the day to day operation and maintenance of the plant.* Coordinate plant operations with steam and/or electricity customer, independent system operator or scheduler.* Coordinate and/or nominate fuel with supplier.* Perform safety related duties including determining and applying equipment isolation schedules for lock out/tag out procedures, monitoring of confined spaces, monitoring hot work permits, inspecting excavations, monitoring of barricaded areas and performing PPE assessments.* Perform other safety related duties as required to maintain a safe work environment.* Write and maintain equipment logs, procedures, timesheets, expense reports and other documentation as required.* Maintain drawings, specifications, test logs and other records. Read, understand and respond to written instructions and logbook notations.* Check e-mail, public folders, acknowledgements of information and other electronic or computer generated documents.* Responsible for troubleshooting, diagnosing, procuring parts and performing repairs on equipment.* Maintain tool inventories and supplies to perform such tasks. * Participate in daily preventive, planned and breakdown maintenance activities in a safe, effective and timely manner.* Inspect service, calibrate, and maintain automated control systems and instrumentation. * Perform general electrical maintenance such as field wiring and locating and correcting electrical grounds.* Disassemble, repair, and reassemble mechanical and electrical equipment.* Connect and disconnect AC and DC motors. * Thread and bend conduits and tubing.* Service brushes on rotating electrical equipment.* Pull cable, check phasing and terminates connections.* Assist others with management of change by gathering data, performing diagnostic tests, installing software or hardware changes, perform new equipment installations, and plant improvements.* Provides recommendations to maintain and improve equipment performance. * Collect data and perform other tasks associated with Reliability Based Maintenance program.* Perform routine equipment lubrication schedules. * Handle, store and dispense hazardous substances.* Monitor hazardous material accumulation sites, label containers, observe hazardous waste storage areas for unusual occurrences and maintain areas in a clean and orderly fashion.* Respond to accidents, fires and other emergencies in accordance with established procedures.* May be required to assist in fighting fires within the facility with hand-held fire extinguishers.* Tutor, train, instruct, and assist other personnel as required.* Maintain own knowledge and skill levels current for equipment, tooling and other change demands.* Function as leader or member of strategic, implementation, and improvement team. * Perform housekeeping activities that include sweeping, dusting, picking up refuse, wiping down equipment, and hosing down areas of the plant. * Direct and monitor contractor activities.* Travel for training and/or other company business.* Operate a company vehicle, forklift, and other mobile equipment."
TRUE,17599,Real Estate & Insurance Professionals,"US, GA, Atlanta ",,Elite Realty Services ,"For esteemed professionals in the Real Estate, Mortgage, and Insurance sectors, ELITE Realty Services is embarking on an unprecedented strategic expansion initiative. In response to robust market demand, we are establishing multiple new market centers across California at an accelerated pace, reflecting our dynamic growth trajectory.

This ambitious national expansion creates unparalleled entrepreneurial partnership opportunities for visionary leaders nationwide. Central to our success is our distinctive, proprietary business paradigm, meticulously engineered to redefine industry standards and foster exponential growth for our partners.

Beyond these significant ownership pathways, we are also actively seeking accomplished leaders for pivotal State Broker and Branch Manager roles within key markets. We invite highly motivated individuals, eager to leverage their expertise and drive substantial regional impact, to explore these exceptional career prospects.

If you are prepared to contribute to a rapidly expanding, innovative enterprise and aspire to a role with profound influence and equity potential, we encourage you to submit your detailed professional profile for confidential consideration.","Real Estate Broker we would like You to consider what ERS can offer You:         Limited Liability -- Enjoy the profit of the organization you build without the liability usually associated with a real estate brokerage. WE carry the E&amp;O, the Licensing, the Compliance &amp; Legality.... WE carry the liability.         ■Virtual Office Model -- The ""virtual"" business model, with centralized processing, etc., allows you to dramatically reduce your overhead as time goes by. ■Co-Branding -- Where allowed by state regulation, brokers have the ability to co-brand.         ■Unlimited Expansion -- You'll be able to develop a multi-area ""brokerage"" with a single-state license. No longer are you stuck         with only being able to recruit in one geographic area. With ERS' business model you can grow your business in any County. ■Referral Agent Program (RAP) -- The residual income model sets your business apart from all others -- with ERS you now have something valuable to offer potential recruits.         ■Unsurpassed Technology -- Give your agents thousands of dollars of technology for free. Including #URL_f1eeb38754e92e91c1c152b8655dc45f99c5926462822581401aaae8f48e4b21# presence, direct IDX/MLS feeds and virtual tours, and CRM platforms.         ■Agent Retention -- Your agents will stick to you like Velcro. Since agents can make significant residual income, they will find it extremely difficult to walk away from that income by moving to another brokerage.         ■Broker Support -- Incoming sponsored brokers can count on substantial support from our Business Development team in         signing their present agents, recruiting and team-building through three tiers.         ■Legacy &amp; Succession --Leave your business to a loved one, as long as the designee holds a current real estate sales license. The 1st Real Estate Broker(s) with a MLS &amp; Mortgage License will be the State Broker of Record. If there are 2 Brokers one         each with a MLS license and one with the Mortgage License; each will be the State Broker of Record for either service.                ","No franchise fee, we do not charge you a franchise fee to open an ELITE Realty Services office. Your investment is in the office furnishings; rent and utilities! With the correct group of Real Estate; Insurance and Mortgage professionals forming the Ownership group and aggressively recruiting RE; MTG &amp; INS agents, allows owners and referrers to profit from all 3 vertical industries. No Desk fees; No Phone or Fax fees; No Copy or Printer fees. Insurance Agent Contract Level Starts From 50% to 100% - (Writing Contract) ERS Life Pays 120% Commission to The Field!  Join my ERS network #URL_669353fffb64ebb9c795e7316b1c93efc7d50f04cbf378ef043458feb0584295# when you click the link, it was say this site is not trusted, go ahead click through, you can call me first to be sure I am a real person with no malicious intent.         Mike JordanBuilder/OwnerELITE Realty ServicesERSLife#PHONE_fe66364fd8cd324f11137693a3fe9cfb475e1979e28621948f0d89b671931a97#",,1,"Real Estate, Mortgage &amp; Insurance Professionals, ELITE Realty Services is opening 3 offices every 60 days in CA and we are expanding; there are Ownership opportunities nationwide. Our 3 x 3 business model is revolutionary review this 22 minute video #URL_260173b96e416838e3822d278c8f758694fa3c712473878f4d063ad0a61f5dcd# ERS also has Broker &amp; Branch Manager opportunities in your State."
TRUE,10954,Recruitment & Talent Acquisition Professional,"US, CA, San Francisco",,Aptitude Staffing Solutions,"We are seeking to integrate exceptional Technical Recruiters into our esteemed, peer-reviewed professional ecosystem of Talent Acquisition specialists. Successful candidates will be inducted into a highly selective network, distinguished by a meticulous vetting process and ongoing performance validation from both hiring executives and placed professionals, ensuring unparalleled transparency and principled governance within the talent acquisition lifecycle.

Upon formal induction, network Associates will be prominently featured within our curated directory, showcasing their unique strengths, geographic proficiencies, and specialized domain expertise. This strategic profiling facilitates bespoke connections with pioneering startups, venture capital firms, and established enterprises actively seeking to assemble high-performing technical teams perfectly aligned with our Associates' capabilities. Furthermore, discerning candidates are strategically aligned with network Recruiters whose skill sets, experience, and career aspirations resonate with their areas of specialization.

Both Recruiters and Hiring Managers are granted privileged access to our advanced, integrated talent orchestration platform, designed for seamless collaboration, comprehensive note review, and real-time progress tracking of prospective candidates. ",3+ years in the recruiting and/or staffing industry3+ years in a technical roleExperience working with executive-level tech candidates and/or clients Entrepreneurial mindedQuick on your feetPassion for tech Startups Bachelors Degree or greater,"Access to cutting-edge marketing, sourcing, job posting and recruiting technology &amp; resources Access to top of the line ATS &amp; CRM with automated workflows and open API Access to candidate assessments, predictive hiring analysis and video interviewing platformsusContinous flow of job orders and Client Pairing within your area of focus, networks, and expertiseCandidate referrals within your area of expertiseEasily collaborate with other networked Recruiters on candidate referrals !0% of candidate's annual salary straight commission on first 10 placements, 12% on second bucket of 10 and 15% thereafterFull benefits package + paid subscription to Anyperk #URL_09b558fe64ca0e31497e34254e51709ab418d01e39d5f60cfaef544ac9971155# Continued education, training and access to paid courses at Stanford's Executive Education Certification ProgramCell phone reimbursementWork from San Francisco headquarters or home office",Mid-Senior level,1,"We are looking for top ranked Technical Recruiters to join our network of trusted Recruiting &amp; Talent Acquisition Professionals. Approved members of the network will be ranked and reviewed by previous Hiring Managers and/or candidates of whom they have placed, providing transparency and regulation to the talent acquisition process.  Upon Approval, Recruiters will be listed on the network outlining your strengths, geographical preferences and area of focus and will then be paired up with Startup, VCs and Hiring Companies/Managers who are looking to build a Technical Team comprised of talent suited for your areas of expertise. Candidates will also be referred to, and paired with networked Recruiters whom demonstrate skill-sets, experience and career goals aligning with Recruiters area of expertise  Both Recruiters &amp; Hiring Managers will be granted access to the ATS (Applicant Tracking System) for easy collaboration, review of notes and progress on potential candidates.Recruiters are equipped with cutting edge technology, continued training &amp; education, assessment tools and sourcing subscriptions so they may execute effectively &amp; efficiently and also collaborate with other networked recruiters, maximizing talent reach.   Our proven, science-based predictive hiring analysis and video interviewing platform will also be granted to Recruiters as part of their toolbox and will be a part of the talent acquisition workflow.  All intelligence gather will then be presented to the Hiring Manager as part of the Candidate Profile and all represented candidates are backed by our 100% Candidate Guarantee. Every placement. Every time.    "
TRUE,17713,Ambulatory Surgery and Endoscopy RN Operations Manager,"US, CT, ",,Basil Lifecare Pvt. Ltd.,"Bristol Hospital, a renowned leader in patient-centric healthcare innovation, is actively seeking a visionary and results-oriented Operations Manager to lead our dynamic Perioperative Center, encompassing both Ambulatory Surgery and Endoscopy services. This pivotal leadership role offers an unparalleled opportunity to significantly impact patient care delivery and operational excellence.

The successful candidate will orchestrate the seamless and safe patient journey from initial admission through advanced procedural stages and comprehensive Phase 2 recovery. You will be instrumental in fostering strategic collaborations with Perioperative Services Leadership, proactively identifying opportunities for optimization, and pioneering innovative solutions to enhance daily operational workflows.

This role is ideal for a strategic leader passionate about shaping the future of healthcare operations in a collaborative and forward-thinking environment. We offer a highly competitive compensation package commensurate with experience, alongside a comprehensive suite of benefits, and exceptional opportunities for professional advancement within our esteemed institution.

Interested candidates are invited to submit their comprehensive application directly through our dedicated careers portal: [Bristol Hospital Official Careers Portal].",,,,1,"Apply using below link#URL_6b17ba83c57b72435e038d16661093cf81906cebb797073ad6e575dfa379ac1d#Bristol Hospital in Bristol CT has an exciting opportunity for an Operations Manager in our Perioperative Center servicing Ambulatory Surgery and Endoscopy. The ideal candidate will oversee the safe care of patients as they process through admissions, endoscopy procedures and Phase 2 recovery. Will also collaborate with Perioperative Services Leadership on daily workflow issues and implement solutions; develop and maintain educational calendar and strategies, facilitate staff education/competency; select, develop, oversee and evaluate direct reports; develop and oversee financial manaagement of the department including the operating budget, supplies, equipment, space, staff and information; develop and utilize key performance indicators for trending and identifying areas of improvement. The Operations Manager will also be responsible for compliance with government and agency regulations and be knowledgeable of and comply with all applicable infection control, health and safety policies and procedures as implemented by the department."
TRUE,11768,Sales Engineer/Platform Support,"GB, , London",,Aptitude Staffing Solutions,"Sales Engineer

Are you a highly driven and technically astute professional with a passion for innovation and client success? We are seeking an exceptional Sales Engineer to join our dynamic team and play a pivotal role in shaping our market leadership. In this strategic position, you will serve as a crucial interface between our groundbreaking technological solutions and our esteemed clientele, driving both pre- and post-sales engagement.

This role offers a unique opportunity to collaborate seamlessly with cross-functional teams, including Account Management, Product Development, Marketing, Finance, Engineering, and Senior Leadership. The successful candidate will possess the remarkable ability to masterfully articulate complex technical solutions and product positioning to diverse audiences, encompassing both sophisticated technical users and key business stakeholders. You will be instrumental in proactively identifying and resolving technical complexities for assigned accounts, ensuring unparalleled client satisfaction throughout every phase of the sales cycle and cultivating enduring, high-value partnerships. This high-visibility role reports directly to the Head of Sales.

Key Responsibilities:

*   Spearhead the technical presentation and strategic positioning of our cutting-edge Platform for Advertisers, Networks, and Publishers (ATA/ATN), serving as the primary technical expert.
*   Proactively cultivate new business opportunities through rigorous market research, strategic outreach, and the meticulous cultivation of robust client relationships, offering unparalleled technical insights and bespoke solutions.
*   Deliver comprehensive pre-sales technical consultation and advanced product education, complemented by responsive and effective post-sales support services, ensuring a seamless and exceptional client journey.
","REQUIREMENTS:BS in Computer Science or related field or equivalent work experience; MS a plus2+ years experience working with web technologies including Ad Serving, Video Players, HTTP, HTML, HTML5, IOS, Android, Javascript, Flash, XML, etc.A background in Client Services, Professional Services or Consulting is highly desirable with strong problem solving skills and attention to detail.Aptitude for, and interest in mastering new applications and platformsExcellent written and verbal communication skillsStrong interpersonal skills and a desire to interact with clients, engineers, business analystsFamiliarity with project management and training techniquesIDEAL SKILLS: The ideal candidate will be a self-driven creative thinker, who is prepared to roll up their sleeves and get the job done in a fast-paced growth environment with 2-3 years prior pre sales engineering experience. You must have relevant experience in online advertising and have a solid track record and strong relationships working with advertisers (video publishers preferred).",,Mid-Senior level,1,"Description:Sales Engineers are a key point of contact for clients and provide both pre- and post-sales advice. They liaise regularly with other members of the sales team and colleagues from a range of departments; such as account management, product development, marketing, finance, engineering, as well as senior company managers.Sales Engineers must be able to articulate technology and product positioning to both business and technical users. They must also be able to identify all technical issues of assigned accounts to assure complete customer satisfaction through all stages of the sales process, and must be able to establish and maintain strong relationships throughout the sales cycle and beyond.Sales Engineers would report into the head of sales.Responsibilities:Actively drive and manage the technical pitch of the Platform for Advertisers, Networks and Publishers (ATA/ATN);Develop sales opportunities by researching and identifying potential accounts, soliciting new accounts, building rapport and providing technical information and explanations;Provide pre-sales technical assistance and product education, and post-sales support services;Create technical presentations and demonstrations on how a product can meet the client needs;Develop long-term relationships with new and existing clients through managing and interpreting their requirements;Persuade clients that a product or service best satisfies their needs in terms of quality, price and delivery (e.g., simplicity);Able to respond to functional and technical elements of RFIs/RFPs;Search for new clients who might benefit from company products or services and maximize client potential;Assess competitors by analyzing and summarizing competitor information and trends, and identify sales opportunities;Update job knowledge by studying new product descriptions, participating in educational opportunities, attending trade shows, conferences and other marketing events;Liaison with other members of the sales team and other technical experts;Convey customer requirements to product management and engineering teams;Meet regular sales targets and coordinate sales projects;Able to travel throughout sales territory."
TRUE,10408,Hotel Workers Needed,GB,3000-60000,Hotel Verta,"Ref: HOVER-ORC-B55UK07-14

Discover Excellence: Join the Team at Hotel Verta, London

Hotel Verta, an emblem of sophisticated luxury nestled on the iconic River Thames, offers an unparalleled boutique experience in London. Strategically positioned just beyond the city's vibrant core, we provide the ultimate blend of tranquility, accessibility, and deluxe amenities. Our commitment to refined hospitality and exceptional guest experiences defines our identity as a premier destination, ensuring a distinguished stay without compromise on elegance or value. With ample on-site parking and easy access outside the congestion zone, Hotel Verta represents a hidden gem where luxury meets convenience.

In anticipation of our strategic growth and continued commitment to unparalleled service, Hotel Verta is actively seeking dedicated and exceptionally talented professionals to join our esteemed team. We are expanding our operational footprint and are keen to connect with individuals who embody initiative, demonstrate unwavering pride in their craft, and possess a proven track record of excellence within a luxury hospitality environment.

We are currently inviting applications for a wide spectrum of roles that contribute to our holistic guest experience. Opportunities are available across diverse departments, reflecting our comprehensive service offerings:

Leadership & Management: Reception Manager, Restaurant & Bar Manager, Entertainment Manager, Operations Manager, Sales/Marketing Manager, Account & Finance Manager, Food & Catering Manager, Casino Manager, Conference & Event Planner, Food & Beverage Supervisor, Security Supervisor, Housekeeping Supervisor, Head Housekeeper, Spa Manager, Lobby Executive & Assistant
Administrative & Support: Business Analyst, Human Resources Assistant, Secretary, Office Assistant, Store Keeper
Guest Services: Guest Relations (Host), Receptionist, Front Desk Attendant, Room Attendant, Cafe Attendant, Beauty Therapist, Spa Receptionist, Spa Therapist
","Relocation EligibleDegree/Certification holder would be an added advantage.Minimum One (1) year working experience preferred.Computer skills (Microsoft Office - Excel and Word) would be an added advantage.Self-motivated and relationship-building abilities with co-workers.Goal-oriented with the ability to multi-task under pressure in fast-paced work environment.Hardworking, dynamic and positive.","SALARY AND BENEFITS: An attractive salary package depending on job position and level of experience will be offered to successful candidates. Competitive rates of pay, paid leave period and holidays, plus our company benefits which includes Employee Assistance Program (EAP), Pension Plan, Tuition Assistance, Health Insurance and Low Scheme Accommodation.",Not Applicable,1,"Ref: HOVER-ORC-B55UK07-14Hotel Verta, a luxury boutique hotel located on the River Thames, is the smart choice for an truly memorable London stay. Offering all the facilities you would expect from a deluxe Central London hotel, but located just outside the hustle and bustle of the city centre means we can offer so much more for so much less.Easily accessible, located just outside the congestion zone with ample onsite parking, and Hotel Verta is the hidden gem that enables you to save on rate without compromising on luxury on your stay in London.As part of our expansion activities, we welcome applications from suitably qualified candidates for a possible job placement here at the Hotel Verta. We currently seek candidates with initiatives who takes pride in their work and with prior experience. Opportunities exist across all areas of the hotel.Reception Manager, Restaurant &amp; Bar Manager, Entertainment Manager, Operations Manager, Sales/Marketing Manager, Account &amp; Finance Manager, Food &amp; Catering Manager, Casino Manager, Business Analyst, Human Resources Assistant, Guest Relations (Host), Secretary, Office Assistant, Receptionist, Front Desk Attendant, Account/Finance Officer, Sales/Marketing Officer, Cashier, Computer Operator, Internet Expert, System Administrator, Bartender, Barman, Chefs (Chef de Partie, Commis Chef &amp; Sous Chef), Banquet Coordinator, Medical Officer(Nurse/Doctor), Language Translator/Interpreter, Safety Officer, Spa (Receptionist, Therapist &amp; Manager), Beauty Therapist, Cafe Attendant, Events Sales Coordinator, Security Supervisor, Security Officer, Housekeeping Supervisor, Head Housekeeper, Maintenance Technician (Electrical &amp; Mechanical), Maintenance Assistant, Conference &amp; Event Planner, Food &amp; Beverage Supervisor, Room Attendant, Lobby Executive &amp; Assistant, Store Keeper, DriverJOB TYPE: PermanentJOB STATUS: Full TimeJOB LOCATION: London, United Kingdom"
TRUE,4267,Customer Service Representative,"US, FL, Jacksonville",30000-40000, American Secured Benefits,"As a forward-thinking leader in comprehensive benefits solutions, we are actively seeking highly motivated and compassionate Client Support Associates to join our rapidly expanding virtual team. In this pivotal remote role, you will be instrumental in delivering unparalleled service excellence, guiding our diverse clientele through their benefits journey, and ensuring seamless interactions. You will leverage advanced communication platforms to address inquiries, provide insightful information, and foster lasting relationships, directly contributing to our reputation for client satisfaction. This fully remote position requires candidates to possess a dedicated, professional, and quiet home office environment with reliable high-speed internet access. We offer an exceptional opportunity for professional growth within a dynamic and supportive culture. Enjoy significant flexibility, a highly competitive compensation package commensurate with experience, and access to comprehensive training designed to accelerate your career trajectory. Join an organization committed to innovation, employee well-being, and making a meaningful impact.",High School Diploma or EquivalentBasic Computer SkillsHome Computer with reliable Internet,Weekly PayPaid Holidays,Entry level,1,Benefits company looking to hire several Customer Service Representatives. This is a virtual position and all Candidates must be comfortable working from their homes.
TRUE,8691,Payroll Clerk,"US, GA, ",35000-40000,Basil Lifecare Pvt. Ltd,"Financial Operations Coordinator

We are seeking a highly diligent and versatile Financial Operations Coordinator to join our dynamic team. This pivotal role is central to maintaining the fiscal integrity and operational efficiency of our enterprise, demanding meticulous attention to detail and a proactive approach.

Key Responsibilities:

Comprehensive Financial Administration: Administer intricate payroll processes, ensuring absolute accuracy, timeliness, and strict adherence to all regulatory requirements and internal compliance standards. Oversee daily financial reconciliations and contribute significantly to month-end closing procedures.
Strategic Fiscal Control & Asset Protection: Implement and rigorously monitor robust internal financial controls across various operational expenditures. Develop and maintain proactive strategies for effective asset protection and loss prevention, including detailed analysis of inventory discrepancies and comprehensive management of rebate programs.
Operational Efficiency & Resource Management: Facilitate precise inventory transactions and uphold stringent compliance standards for optimal supply chain efficiency and complete asset integrity. Collaborate cross-functionally to optimize resource allocation and minimize operational inefficiencies.
Service Excellence & Client Engagement: Proactively analyze sales activities and client engagement metrics to ensure the consistent delivery of exceptional service quality, identifying strategic opportunities for process improvement and enhanced customer satisfaction.

Compensation: We offer a competitive hourly rate, commensurate with experience and the multifaceted nature of this role, typically ranging from $25 - $30 per hour, along with opportunities for continuous professional development and advancement within a stimulating, growth-oriented environment.","• High school diploma or equivalent• Excellent communication and organizational skills.• Ability to work a flexible schedule• Ability to perform mathematical calculations such as addition, subtraction, multiplication, division, and percentages.","We offer a competitive salary and benefits package that includes health and dental insurance, paid vacation, a 401(k) plan, paid training, and much more. Ready for some rapid growth of your own.",Entry level,1,"We are seeking a full time Payroll Clerk to manage day to day accounting for our operation.PAY SCALE : $25/hr• Maintains financial controls including shrink, payroll and other operating expenses, rebates .• Maintaining proper inventory controls, facilitate inventory transactions and maintain compliance standards for shrink control• Monitor sales activities to ensure that customers receive satisfactory service."
